Quarter,Bedfordshire_S_curve,Berkshire_S_curve,Bristol_S_curve,Buckinghamshire_S_curve,Cambridgeshire_S_curve,Cheshire_S_curve,City of London_S_curve,Cornwall_S_curve,County Durham_S_curve,Cumbria_S_curve,Derbyshire_S_curve,Devon_S_curve,Dorset_S_curve,East Riding of Yorkshire_S_curve,East Sussex_S_curve,Essex_S_curve,Gloucestershire_S_curve,Greater London_S_curve,Greater Manchester_S_curve,Hampshire_S_curve,Herefordshire_S_curve,Hertfordshire_S_curve,Isle of Wight_S_curve,Kent_S_curve,Lancashire_S_curve,Leicestershire_S_curve,Lincolnshire_S_curve,Merseyside_S_curve,Norfolk_S_curve,North Yorkshire_S_curve,Northamptonshire_S_curve,Northumberland_S_curve,Nottinghamshire_S_curve,Oxfordshire_S_curve,Rutland_S_curve,Shropshire_S_curve,Somerset_S_curve,South Yorkshire_S_curve,Staffordshire_S_curve,Suffolk_S_curve,Surrey_S_curve,Tyne and Wear_S_curve,UK_S_curve,Warwickshire_S_curve,West Midlands_S_curve,West Sussex_S_curve,West Yorkshire_S_curve,Wiltshire_S_curve,Worcestershire_S_curve
2011 Q4,0.00019,0.00018,0.00009,0.00009,0.00017,0.00009,0.00058,0.00033,0.00014,0.00004,0.00006,0.00011,0.00015,0.00007,0.00012,0.00009,0.00009,0.00039,0.00015,0.0005,0.00008,0.00007,0.00014,0.00011,0.0001,0.00021,0.00007,0.00023,0.00009,0.00012,0.00014,0.00026,0.00008,0.00015,0.00005,0.00006,0.0001,0.00011,0.0001,0.00011,0.00013,0.00031,0.00022,0.00004,0.00016,0.00009,0.00008,0.0003,0.00029
2012 Q1,0.00021,0.0002,0.00009,0.0001,0.00018,0.0001,0.00063,0.00035,0.00015,0.00005,0.00007,0.00012,0.00016,0.00008,0.00013,0.0001,0.0001,0.00041,0.00016,0.00052,0.00009,0.00008,0.00015,0.00012,0.00011,0.00023,0.00008,0.00024,0.0001,0.00013,0.00015,0.00028,0.00009,0.00017,0.00005,0.00007,0.00011,0.00012,0.00011,0.00012,0.00014,0.00032,0.00023,0.00005,0.00018,0.0001,0.00008,0.00032,0.0003
2012 Q2,0.00022,0.00022,0.0001,0.00011,0.0002,0.00011,0.00067,0.00037,0.00016,0.00005,0.00008,0.00013,0.00018,0.00008,0.00014,0.00011,0.00012,0.00045,0.00018,0.00054,0.00009,0.00009,0.00017,0.00013,0.00012,0.00024,0.00009,0.00026,0.00011,0.00014,0.00016,0.0003,0.0001,0.00018,0.00006,0.00008,0.00013,0.00013,0.00012,0.00013,0.00015,0.00034,0.00025,0.00005,0.0002,0.00011,0.00009,0.00035,0.00032
2012 Q3,0.00024,0.00025,0.00011,0.00012,0.00022,0.00012,0.00072,0.0004,0.00018,0.00006,0.00009,0.00014,0.00019,0.00009,0.00016,0.00012,0.00013,0.00048,0.00019,0.00056,0.0001,0.0001,0.00018,0.00014,0.00013,0.00025,0.00009,0.00027,0.00012,0.00015,0.00017,0.00032,0.00011,0.0002,0.00007,0.00009,0.00014,0.00014,0.00013,0.00014,0.00017,0.00036,0.00027,0.00006,0.00021,0.00012,0.00011,0.00037,0.00034
2012 Q4,0.00026,0.00027,0.00012,0.00014,0.00025,0.00013,0.00078,0.00042,0.00019,0.00007,0.00009,0.00016,0.00021,0.0001,0.00017,0.00013,0.00014,0.00051,0.00021,0.00059,0.00011,0.00011,0.0002,0.00015,0.00014,0.00026,0.0001,0.00028,0.00013,0.00016,0.00018,0.00034,0.00012,0.00022,0.00007,0.00009,0.00015,0.00016,0.00013,0.00015,0.00018,0.00039,0.0003,0.00006,0.00023,0.00013,0.00012,0.0004,0.00036
2013 Q1,0.00028,0.0003,0.00013,0.00015,0.00027,0.00014,0.00084,0.00045,0.0002,0.00008,0.0001,0.00017,0.00023,0.00011,0.00019,0.00014,0.00016,0.00055,0.00022,0.00061,0.00012,0.00012,0.00022,0.00017,0.00016,0.00028,0.00011,0.0003,0.00014,0.00017,0.0002,0.00036,0.00013,0.00024,0.00008,0.0001,0.00016,0.00017,0.00015,0.00016,0.0002,0.00041,0.00032,0.00007,0.00025,0.00014,0.00013,0.00043,0.00037
2013 Q2,0.0003,0.00033,0.00015,0.00017,0.0003,0.00016,0.0009,0.00047,0.00022,0.00008,0.00011,0.00018,0.00025,0.00012,0.0002,0.00016,0.00018,0.00059,0.00024,0.00064,0.00013,0.00014,0.00024,0.00019,0.00017,0.00029,0.00012,0.00032,0.00015,0.00018,0.00021,0.00038,0.00014,0.00026,0.00009,0.00012,0.00018,0.00018,0.00016,0.00018,0.00022,0.00043,0.00035,0.00008,0.00027,0.00016,0.00015,0.00046,0.00039
2013 Q3,0.00032,0.00036,0.00016,0.00019,0.00033,0.00017,0.00097,0.0005,0.00023,0.00009,0.00013,0.0002,0.00027,0.00013,0.00022,0.00017,0.0002,0.00064,0.00027,0.00067,0.00014,0.00016,0.00026,0.0002,0.00018,0.00031,0.00013,0.00033,0.00016,0.00019,0.00023,0.0004,0.00015,0.00029,0.00009,0.00013,0.0002,0.0002,0.00017,0.00019,0.00024,0.00046,0.00038,0.00009,0.0003,0.00017,0.00017,0.00049,0.00042
2013 Q4,0.00035,0.0004,0.00018,0.00021,0.00037,0.00019,0.00104,0.00053,0.00025,0.0001,0.00014,0.00022,0.00029,0.00014,0.00024,0.00019,0.00022,0.00069,0.00029,0.0007,0.00015,0.00018,0.00028,0.00022,0.0002,0.00032,0.00014,0.00035,0.00018,0.00021,0.00025,0.00043,0.00017,0.00031,0.0001,0.00014,0.00021,0.00021,0.00018,0.00021,0.00026,0.00049,0.00041,0.0001,0.00033,0.00019,0.00018,0.00053,0.00044
2014 Q1,0.00038,0.00044,0.00019,0.00023,0.00041,0.00021,0.00112,0.00056,0.00027,0.00012,0.00015,0.00023,0.00031,0.00015,0.00027,0.00021,0.00024,0.00074,0.00031,0.00073,0.00017,0.0002,0.0003,0.00025,0.00022,0.00034,0.00015,0.00037,0.00019,0.00022,0.00027,0.00046,0.00018,0.00034,0.00011,0.00016,0.00023,0.00023,0.0002,0.00023,0.00028,0.00052,0.00044,0.00012,0.00035,0.00021,0.00021,0.00056,0.00046
2014 Q2,0.0004,0.00049,0.00021,0.00026,0.00045,0.00023,0.0012,0.0006,0.00029,0.00013,0.00017,0.00025,0.00034,0.00016,0.00029,0.00022,0.00027,0.00079,0.00034,0.00076,0.00018,0.00023,0.00033,0.00027,0.00024,0.00036,0.00017,0.00039,0.00021,0.00024,0.00029,0.00048,0.0002,0.00037,0.00012,0.00017,0.00026,0.00025,0.00021,0.00024,0.00031,0.00055,0.00048,0.00013,0.00039,0.00023,0.00023,0.0006,0.00049
2014 Q3,0.00044,0.00054,0.00023,0.00029,0.0005,0.00025,0.00129,0.00063,0.00031,0.00014,0.00018,0.00028,0.00037,0.00017,0.00032,0.00024,0.0003,0.00085,0.00037,0.0008,0.0002,0.00026,0.00036,0.0003,0.00026,0.00038,0.00018,0.00041,0.00023,0.00025,0.00031,0.00051,0.00022,0.00041,0.00013,0.00019,0.00028,0.00027,0.00023,0.00027,0.00034,0.00058,0.00052,0.00015,0.00042,0.00025,0.00026,0.00065,0.00051
2014 Q4,0.00047,0.0006,0.00025,0.00033,0.00055,0.00027,0.00139,0.00067,0.00033,0.00016,0.0002,0.0003,0.0004,0.00019,0.00035,0.00027,0.00034,0.00092,0.0004,0.00083,0.00021,0.00029,0.00039,0.00033,0.00028,0.0004,0.0002,0.00044,0.00025,0.00027,0.00033,0.00055,0.00024,0.00044,0.00015,0.00021,0.00031,0.0003,0.00024,0.00029,0.00037,0.00062,0.00056,0.00016,0.00046,0.00028,0.00029,0.00069,0.00054
2015 Q1,0.00051,0.00066,0.00027,0.00036,0.00061,0.0003,0.00149,0.00071,0.00036,0.00018,0.00022,0.00033,0.00043,0.0002,0.00038,0.00029,0.00037,0.00098,0.00044,0.00087,0.00023,0.00033,0.00042,0.00036,0.00031,0.00042,0.00021,0.00046,0.00027,0.00029,0.00036,0.00058,0.00027,0.00048,0.00016,0.00024,0.00034,0.00032,0.00026,0.00031,0.0004,0.00066,0.00061,0.00018,0.0005,0.00031,0.00032,0.00074,0.00057
2015 Q2,0.00054,0.00073,0.0003,0.00041,0.00067,0.00033,0.0016,0.00075,0.00038,0.0002,0.00024,0.00035,0.00047,0.00022,0.00041,0.00032,0.00042,0.00106,0.00047,0.00091,0.00025,0.00037,0.00046,0.00039,0.00033,0.00044,0.00023,0.00049,0.0003,0.00031,0.00039,0.00062,0.00029,0.00053,0.00018,0.00026,0.00037,0.00035,0.00028,0.00034,0.00044,0.0007,0.00066,0.00021,0.00054,0.00034,0.00036,0.0008,0.0006
2015 Q3,0.00059,0.0008,0.00033,0.00045,0.00075,0.00036,0.00172,0.0008,0.00041,0.00022,0.00027,0.00038,0.00051,0.00024,0.00045,0.00035,0.00046,0.00114,0.00052,0.00095,0.00027,0.00042,0.0005,0.00043,0.00036,0.00047,0.00025,0.00051,0.00032,0.00033,0.00042,0.00066,0.00032,0.00058,0.00019,0.00029,0.0004,0.00038,0.0003,0.00036,0.00048,0.00074,0.00071,0.00023,0.00059,0.00037,0.0004,0.00085,0.00063
2015 Q4,0.00063,0.00089,0.00036,0.0005,0.00082,0.0004,0.00185,0.00085,0.00044,0.00025,0.0003,0.00042,0.00055,0.00026,0.00049,0.00038,0.00052,0.00122,0.00056,0.00099,0.00029,0.00047,0.00055,0.00047,0.0004,0.00049,0.00027,0.00054,0.00035,0.00035,0.00045,0.0007,0.00035,0.00063,0.00021,0.00032,0.00044,0.00041,0.00033,0.00039,0.00053,0.00078,0.00077,0.00026,0.00064,0.00041,0.00045,0.00091,0.00066
2016 Q1,0.00068,0.00098,0.00039,0.00056,0.00091,0.00043,0.00199,0.0009,0.00047,0.00027,0.00033,0.00045,0.00059,0.00028,0.00054,0.00041,0.00058,0.00131,0.00061,0.00103,0.00032,0.00053,0.0006,0.00052,0.00043,0.00052,0.00029,0.00057,0.00038,0.00038,0.00048,0.00074,0.00038,0.00069,0.00023,0.00035,0.00048,0.00044,0.00035,0.00043,0.00057,0.00083,0.00083,0.00029,0.0007,0.00045,0.00051,0.00098,0.0007
2016 Q2,0.00073,0.00108,0.00043,0.00063,0.00101,0.00047,0.00214,0.00095,0.00051,0.00031,0.00036,0.00049,0.00064,0.0003,0.00059,0.00045,0.00064,0.00141,0.00066,0.00108,0.00035,0.0006,0.00065,0.00057,0.00047,0.00055,0.00032,0.0006,0.00042,0.0004,0.00052,0.00079,0.00042,0.00075,0.00025,0.00039,0.00053,0.00048,0.00038,0.00046,0.00063,0.00088,0.0009,0.00033,0.00076,0.0005,0.00057,0.00105,0.00074
2016 Q3,0.00079,0.00119,0.00047,0.0007,0.00111,0.00052,0.0023,0.00101,0.00054,0.00034,0.00039,0.00053,0.0007,0.00033,0.00064,0.00049,0.00071,0.00152,0.00072,0.00113,0.00037,0.00068,0.0007,0.00063,0.00051,0.00057,0.00035,0.00064,0.00046,0.00043,0.00056,0.00083,0.00046,0.00082,0.00028,0.00043,0.00057,0.00052,0.00041,0.0005,0.00068,0.00094,0.00097,0.00037,0.00083,0.00055,0.00063,0.00113,0.00077
2016 Q4,0.00085,0.00132,0.00051,0.00078,0.00123,0.00057,0.00247,0.00107,0.00058,0.00038,0.00043,0.00058,0.00075,0.00035,0.0007,0.00054,0.00079,0.00163,0.00078,0.00117,0.00041,0.00076,0.00077,0.00069,0.00056,0.00061,0.00038,0.00067,0.0005,0.00046,0.00061,0.00089,0.00051,0.0009,0.0003,0.00048,0.00063,0.00056,0.00044,0.00054,0.00075,0.00099,0.00106,0.00042,0.0009,0.0006,0.00071,0.00121,0.00082
2017 Q1,0.00091,0.00145,0.00056,0.00087,0.00136,0.00063,0.00266,0.00114,0.00063,0.00042,0.00048,0.00063,0.00082,0.00038,0.00077,0.00059,0.00088,0.00175,0.00085,0.00123,0.00044,0.00086,0.00083,0.00075,0.00061,0.00064,0.00041,0.00071,0.00054,0.00049,0.00065,0.00094,0.00056,0.00098,0.00033,0.00053,0.00069,0.00061,0.00047,0.00059,0.00082,0.00105,0.00114,0.00047,0.00099,0.00066,0.00079,0.00129,0.00086
2017 Q2,0.00098,0.00161,0.00061,0.00097,0.0015,0.00069,0.00286,0.0012,0.00067,0.00047,0.00052,0.00068,0.00088,0.00042,0.00084,0.00064,0.00098,0.00188,0.00092,0.00128,0.00048,0.00097,0.00091,0.00083,0.00066,0.00067,0.00044,0.00075,0.00059,0.00052,0.0007,0.001,0.00061,0.00107,0.00036,0.00059,0.00075,0.00066,0.00051,0.00064,0.00089,0.00112,0.00124,0.00053,0.00107,0.00073,0.00089,0.00139,0.0009
2017 Q3,0.00106,0.00177,0.00067,0.00108,0.00166,0.00075,0.00307,0.00128,0.00072,0.00052,0.00058,0.00074,0.00096,0.00045,0.00092,0.0007,0.00109,0.00202,0.001,0.00134,0.00052,0.0011,0.00099,0.00091,0.00072,0.00071,0.00048,0.00079,0.00064,0.00056,0.00076,0.00106,0.00067,0.00117,0.0004,0.00065,0.00082,0.00071,0.00055,0.00069,0.00097,0.00118,0.00134,0.00059,0.00117,0.0008,0.00099,0.00149,0.00095
2017 Q4,0.00114,0.00196,0.00073,0.00121,0.00183,0.00082,0.0033,0.00135,0.00077,0.00058,0.00064,0.0008,0.00104,0.00049,0.001,0.00076,0.00121,0.00217,0.00109,0.0014,0.00056,0.00124,0.00107,0.001,0.00078,0.00075,0.00052,0.00083,0.0007,0.0006,0.00082,0.00113,0.00073,0.00127,0.00044,0.00072,0.0009,0.00077,0.00059,0.00074,0.00106,0.00126,0.00145,0.00067,0.00127,0.00088,0.00111,0.00159,0.001
2018 Q1,0.00123,0.00216,0.0008,0.00135,0.00203,0.0009,0.00355,0.00144,0.00083,0.00065,0.0007,0.00087,0.00112,0.00053,0.00109,0.00083,0.00135,0.00233,0.00118,0.00146,0.00061,0.0014,0.00117,0.0011,0.00085,0.00079,0.00056,0.00088,0.00076,0.00064,0.00088,0.0012,0.0008,0.00139,0.00048,0.0008,0.00098,0.00084,0.00064,0.00081,0.00116,0.00133,0.00157,0.00075,0.00138,0.00097,0.00124,0.00171,0.00106
2018 Q2,0.00132,0.00238,0.00087,0.0015,0.00224,0.00099,0.00382,0.00152,0.00089,0.00072,0.00077,0.00094,0.00122,0.00057,0.0012,0.00091,0.0015,0.00251,0.00129,0.00152,0.00066,0.00158,0.00127,0.0012,0.00093,0.00083,0.00061,0.00093,0.00083,0.00068,0.00095,0.00127,0.00088,0.00152,0.00052,0.00088,0.00107,0.00091,0.00069,0.00087,0.00126,0.00141,0.0017,0.00084,0.00151,0.00106,0.00138,0.00183,0.00111
2018 Q3,0.00142,0.00263,0.00095,0.00168,0.00248,0.00108,0.0041,0.00161,0.00096,0.00081,0.00085,0.00102,0.00132,0.00062,0.00131,0.00099,0.00167,0.00269,0.0014,0.00159,0.00072,0.00178,0.00138,0.00132,0.00101,0.00087,0.00066,0.00098,0.00091,0.00073,0.00102,0.00135,0.00097,0.00166,0.00057,0.00097,0.00117,0.00098,0.00074,0.00094,0.00138,0.0015,0.00184,0.00095,0.00164,0.00117,0.00155,0.00196,0.00117
2018 Q4,0.00153,0.0029,0.00104,0.00187,0.00274,0.00119,0.00441,0.00171,0.00103,0.0009,0.00093,0.00111,0.00143,0.00067,0.00143,0.00108,0.00186,0.00289,0.00152,0.00166,0.00078,0.00201,0.00151,0.00145,0.0011,0.00092,0.00072,0.00103,0.00099,0.00078,0.0011,0.00144,0.00106,0.00181,0.00062,0.00108,0.00128,0.00106,0.0008,0.00102,0.00151,0.00159,0.00199,0.00106,0.00179,0.00129,0.00173,0.0021,0.00123
2019 Q1,0.00165,0.0032,0.00114,0.00209,0.00302,0.0013,0.00474,0.00181,0.0011,0.001,0.00102,0.00121,0.00155,0.00073,0.00156,0.00118,0.00207,0.00311,0.00165,0.00173,0.00085,0.00227,0.00164,0.0016,0.0012,0.00097,0.00078,0.00109,0.00108,0.00083,0.00119,0.00153,0.00116,0.00197,0.00068,0.00119,0.0014,0.00115,0.00086,0.00111,0.00165,0.00168,0.00215,0.00119,0.00195,0.00142,0.00194,0.00225,0.0013
2019 Q2,0.00177,0.00353,0.00125,0.00233,0.00334,0.00143,0.00509,0.00192,0.00118,0.00111,0.00113,0.00131,0.00168,0.00079,0.0017,0.00129,0.00231,0.00334,0.00179,0.00181,0.00092,0.00256,0.00178,0.00175,0.0013,0.00102,0.00085,0.00115,0.00117,0.00089,0.00128,0.00162,0.00127,0.00215,0.00075,0.00132,0.00154,0.00125,0.00092,0.0012,0.0018,0.00179,0.00233,0.00134,0.00212,0.00156,0.00216,0.00241,0.00137
2019 Q3,0.00191,0.0039,0.00136,0.00259,0.00369,0.00156,0.00547,0.00204,0.00127,0.00124,0.00124,0.00142,0.00182,0.00085,0.00186,0.0014,0.00257,0.00359,0.00195,0.00189,0.001,0.00289,0.00194,0.00192,0.00142,0.00107,0.00092,0.00121,0.00128,0.00095,0.00138,0.00172,0.0014,0.00235,0.00082,0.00146,0.00168,0.00135,0.001,0.0013,0.00196,0.0019,0.00252,0.00151,0.00231,0.00171,0.00242,0.00259,0.00144
2019 Q4,0.00206,0.0043,0.00149,0.00289,0.00408,0.00171,0.00588,0.00216,0.00136,0.00138,0.00136,0.00154,0.00197,0.00092,0.00203,0.00153,0.00285,0.00386,0.00211,0.00197,0.00108,0.00326,0.00211,0.00211,0.00154,0.00113,0.00099,0.00128,0.00139,0.00101,0.00149,0.00183,0.00153,0.00257,0.00089,0.00162,0.00184,0.00147,0.00107,0.0014,0.00214,0.00201,0.00273,0.00169,0.00251,0.00188,0.00271,0.00277,0.00152
2020 Q1,0.00221,0.00475,0.00163,0.00323,0.00451,0.00188,0.00632,0.00229,0.00146,0.00154,0.0015,0.00167,0.00213,0.001,0.00222,0.00167,0.00317,0.00414,0.0023,0.00206,0.00117,0.00368,0.00229,0.00232,0.00168,0.00119,0.00108,0.00135,0.00152,0.00108,0.00161,0.00195,0.00168,0.0028,0.00098,0.00179,0.00201,0.00159,0.00115,0.00152,0.00234,0.00213,0.00296,0.0019,0.00273,0.00207,0.00303,0.00297,0.0016
2020 Q2,0.00238,0.00524,0.00178,0.0036,0.00498,0.00206,0.00679,0.00243,0.00157,0.00171,0.00165,0.00182,0.00231,0.00108,0.00243,0.00182,0.00353,0.00445,0.0025,0.00215,0.00127,0.00415,0.0025,0.00255,0.00183,0.00125,0.00117,0.00143,0.00165,0.00116,0.00173,0.00207,0.00184,0.00306,0.00107,0.00198,0.0022,0.00172,0.00124,0.00165,0.00255,0.00226,0.0032,0.00214,0.00298,0.00228,0.00338,0.00318,0.00168
2020 Q3,0.00257,0.00578,0.00194,0.00401,0.0055,0.00226,0.0073,0.00258,0.00168,0.00191,0.00182,0.00197,0.0025,0.00117,0.00265,0.00199,0.00393,0.00478,0.00271,0.00225,0.00138,0.00468,0.00272,0.00279,0.00199,0.00132,0.00127,0.0015,0.0018,0.00123,0.00187,0.0022,0.00202,0.00334,0.00117,0.00219,0.0024,0.00186,0.00134,0.00178,0.00279,0.0024,0.00346,0.0024,0.00324,0.0025,0.00378,0.00341,0.00177
2020 Q4,0.00276,0.00638,0.00212,0.00447,0.00607,0.00247,0.00785,0.00273,0.00181,0.00212,0.002,0.00214,0.00271,0.00127,0.0029,0.00217,0.00437,0.00514,0.00295,0.00234,0.00149,0.00528,0.00295,0.00307,0.00217,0.00139,0.00137,0.00159,0.00196,0.00132,0.00201,0.00233,0.00221,0.00364,0.00128,0.00243,0.00262,0.00202,0.00144,0.00193,0.00304,0.00254,0.00375,0.0027,0.00353,0.00275,0.00423,0.00366,0.00187
2021 Q1,0.00298,0.00704,0.00232,0.00499,0.00671,0.00271,0.00843,0.00289,0.00194,0.00236,0.0022,0.00232,0.00294,0.00137,0.00316,0.00237,0.00486,0.00552,0.0032,0.00245,0.00162,0.00596,0.00321,0.00337,0.00236,0.00147,0.00149,0.00167,0.00214,0.00141,0.00217,0.00248,0.00242,0.00398,0.0014,0.00269,0.00287,0.00219,0.00155,0.00209,0.00332,0.0027,0.00406,0.00303,0.00384,0.00303,0.00473,0.00392,0.00197
2021 Q2,0.0032,0.00776,0.00254,0.00556,0.00741,0.00297,0.00906,0.00307,0.00208,0.00263,0.00242,0.00252,0.00318,0.00149,0.00346,0.00258,0.00541,0.00593,0.00348,0.00256,0.00176,0.00672,0.0035,0.0037,0.00257,0.00154,0.00161,0.00177,0.00233,0.00151,0.00234,0.00263,0.00266,0.00434,0.00153,0.00297,0.00314,0.00237,0.00167,0.00226,0.00362,0.00286,0.00439,0.00341,0.00418,0.00333,0.00528,0.0042,0.00207
2021 Q3,0.00345,0.00856,0.00277,0.0062,0.00819,0.00326,0.00973,0.00325,0.00223,0.00293,0.00266,0.00273,0.00344,0.00161,0.00378,0.00282,0.00601,0.00637,0.00378,0.00267,0.00191,0.00758,0.0038,0.00406,0.00279,0.00163,0.00175,0.00186,0.00254,0.00161,0.00252,0.0028,0.00291,0.00474,0.00168,0.00329,0.00343,0.00256,0.0018,0.00245,0.00396,0.00303,0.00475,0.00383,0.00455,0.00366,0.0059,0.0045,0.00218
2021 Q4,0.00371,0.00945,0.00303,0.00691,0.00904,0.00357,0.01046,0.00345,0.0024,0.00326,0.00293,0.00296,0.00373,0.00174,0.00412,0.00307,0.00669,0.00684,0.0041,0.00279,0.00207,0.00855,0.00414,0.00446,0.00304,0.00171,0.0019,0.00197,0.00277,0.00172,0.00271,0.00297,0.00319,0.00517,0.00184,0.00364,0.00375,0.00278,0.00194,0.00265,0.00432,0.00322,0.00514,0.0043,0.00496,0.00403,0.0066,0.00482,0.0023
2022 Q1,0.004,0.01042,0.00331,0.0077,0.00998,0.00391,0.01123,0.00366,0.00257,0.00363,0.00322,0.00322,0.00404,0.00189,0.0045,0.00335,0.00744,0.00735,0.00446,0.00291,0.00224,0.00964,0.0045,0.00489,0.00331,0.0018,0.00206,0.00208,0.00301,0.00184,0.00292,0.00316,0.0035,0.00564,0.00201,0.00403,0.0041,0.00301,0.00209,0.00287,0.00471,0.00341,0.00556,0.00483,0.00539,0.00443,0.00737,0.00517,0.00242
2022 Q2,0.0043,0.01149,0.00362,0.00859,0.01102,0.00428,0.01207,0.00388,0.00276,0.00404,0.00354,0.00349,0.00437,0.00204,0.00492,0.00366,0.00827,0.00789,0.00484,0.00304,0.00243,0.01087,0.00489,0.00537,0.0036,0.0019,0.00223,0.00219,0.00328,0.00196,0.00315,0.00335,0.00384,0.00616,0.0022,0.00446,0.00448,0.00326,0.00225,0.0031,0.00514,0.00362,0.00602,0.00543,0.00587,0.00487,0.00824,0.00554,0.00255
2022 Q3,0.00463,0.01267,0.00396,0.00957,0.01217,0.00469,0.01296,0.00411,0.00296,0.0045,0.0039,0.00379,0.00474,0.00221,0.00537,0.00399,0.0092,0.00848,0.00526,0.00317,0.00264,0.01225,0.00532,0.00589,0.00392,0.002,0.00242,0.00231,0.00358,0.00209,0.0034,0.00356,0.00421,0.00672,0.0024,0.00493,0.0049,0.00353,0.00242,0.00336,0.00561,0.00384,0.00651,0.0061,0.00639,0.00535,0.00921,0.00593,0.00269
2022 Q4,0.00499,0.01396,0.00433,0.01066,0.01343,0.00514,0.01392,0.00436,0.00317,0.00501,0.00429,0.00411,0.00513,0.00239,0.00587,0.00436,0.01022,0.0091,0.00571,0.00331,0.00286,0.01381,0.00579,0.00647,0.00427,0.00211,0.00262,0.00244,0.0039,0.00224,0.00366,0.00378,0.00461,0.00733,0.00263,0.00546,0.00536,0.00382,0.0026,0.00364,0.00613,0.00407,0.00705,0.00685,0.00695,0.00588,0.01028,0.00636,0.00283
2023 Q1,0.00537,0.01539,0.00473,0.01188,0.01483,0.00563,0.01495,0.00462,0.00341,0.00558,0.00471,0.00446,0.00556,0.00259,0.00641,0.00475,0.01136,0.00978,0.0062,0.00346,0.00311,0.01556,0.0063,0.0071,0.00464,0.00222,0.00284,0.00257,0.00425,0.00239,0.00394,0.00402,0.00505,0.008,0.00288,0.00604,0.00586,0.00414,0.0028,0.00393,0.00668,0.00431,0.00763,0.00769,0.00757,0.00647,0.01149,0.00681,0.00298
2023 Q2,0.00578,0.01697,0.00517,0.01323,0.01636,0.00617,0.01606,0.00489,0.00365,0.00621,0.00518,0.00483,0.00602,0.00281,0.007,0.00518,0.01263,0.0105,0.00674,0.00361,0.00337,0.01753,0.00685,0.00779,0.00505,0.00234,0.00308,0.00271,0.00462,0.00255,0.00425,0.00427,0.00554,0.00873,0.00315,0.00668,0.0064,0.00448,0.00302,0.00426,0.00729,0.00458,0.00825,0.00863,0.00824,0.00711,0.01283,0.0073,0.00314
2023 Q3,0.00622,0.0187,0.00564,0.01474,0.01805,0.00676,0.01725,0.00519,0.00392,0.00691,0.0057,0.00524,0.00651,0.00304,0.00764,0.00565,0.01404,0.01128,0.00731,0.00377,0.00365,0.01975,0.00745,0.00855,0.0055,0.00246,0.00334,0.00286,0.00504,0.00273,0.00458,0.00453,0.00607,0.00952,0.00344,0.00739,0.007,0.00485,0.00325,0.00461,0.00796,0.00485,0.00893,0.00969,0.00896,0.00781,0.01433,0.00782,0.0033
2023 Q4,0.00669,0.0206,0.00617,0.01641,0.01992,0.00741,0.01852,0.0055,0.00421,0.00769,0.00627,0.00569,0.00705,0.00329,0.00834,0.00617,0.0156,0.01211,0.00794,0.00393,0.00396,0.02223,0.0081,0.00938,0.00599,0.00259,0.00362,0.00302,0.00549,0.00291,0.00494,0.00481,0.00665,0.01039,0.00377,0.00817,0.00765,0.00526,0.0035,0.00499,0.00869,0.00514,0.00966,0.01088,0.00975,0.00859,0.016,0.00837,0.00348
2024 Q1,0.0072,0.02269,0.00674,0.01827,0.02197,0.00812,0.01988,0.00583,0.00451,0.00855,0.00689,0.00617,0.00764,0.00356,0.00911,0.00673,0.01733,0.013,0.00863,0.00411,0.0043,0.02503,0.0088,0.01029,0.00651,0.00273,0.00393,0.00319,0.00598,0.00311,0.00532,0.00511,0.00729,0.01133,0.00412,0.00904,0.00836,0.00569,0.00377,0.0054,0.00948,0.00546,0.01045,0.01222,0.01061,0.00944,0.01786,0.00897,0.00366
2024 Q2,0.00775,0.02499,0.00736,0.02034,0.02423,0.00889,0.02134,0.00618,0.00484,0.00952,0.00758,0.00669,0.00827,0.00385,0.00995,0.00734,0.01924,0.01396,0.00937,0.00429,0.00466,0.02816,0.00957,0.01129,0.00709,0.00288,0.00426,0.00336,0.00651,0.00333,0.00573,0.00543,0.00799,0.01236,0.00451,0.01,0.00913,0.00616,0.00406,0.00584,0.01034,0.00578,0.0113,0.01371,0.01154,0.01037,0.01993,0.00961,0.00386
2024 Q3,0.00834,0.02752,0.00804,0.02264,0.02671,0.00974,0.02291,0.00655,0.00519,0.01059,0.00834,0.00726,0.00895,0.00417,0.01086,0.008,0.02137,0.01499,0.01017,0.00448,0.00505,0.03168,0.01041,0.01238,0.00771,0.00303,0.00462,0.00355,0.00709,0.00355,0.00617,0.00577,0.00875,0.01348,0.00493,0.01105,0.00998,0.00668,0.00437,0.00632,0.01128,0.00613,0.01222,0.01538,0.01256,0.0114,0.02224,0.01029,0.00406
2024 Q4,0.00898,0.0303,0.00879,0.02519,0.02944,0.01066,0.02459,0.00694,0.00557,0.01178,0.00916,0.00787,0.00969,0.00452,0.01185,0.00872,0.02372,0.01609,0.01104,0.00467,0.00548,0.03562,0.01131,0.01358,0.00839,0.00319,0.00501,0.00374,0.00772,0.00379,0.00665,0.00612,0.00959,0.0147,0.00539,0.01222,0.0109,0.00723,0.0047,0.00684,0.0123,0.0065,0.01322,0.01725,0.01366,0.01252,0.02481,0.01103,0.00428
2025 Q1,0.00966,0.03334,0.0096,0.02802,0.03244,0.01168,0.02639,0.00736,0.00598,0.0131,0.01007,0.00854,0.01049,0.00489,0.01294,0.00951,0.02633,0.01727,0.01198,0.00488,0.00594,0.04002,0.0123,0.01489,0.00913,0.00336,0.00543,0.00395,0.00841,0.00405,0.00717,0.0065,0.01051,0.01603,0.0059,0.01351,0.01191,0.00783,0.00506,0.0074,0.01342,0.0069,0.0143,0.01935,0.01486,0.01376,0.02766,0.01181,0.0045
2025 Q2,0.01039,0.03668,0.01048,0.03115,0.03573,0.01278,0.02832,0.0078,0.00641,0.01456,0.01107,0.00926,0.01136,0.00529,0.01412,0.01037,0.02922,0.01853,0.01301,0.00509,0.00644,0.04495,0.01337,0.01633,0.00993,0.00354,0.00588,0.00417,0.00915,0.00433,0.00772,0.00691,0.01151,0.01747,0.00645,0.01493,0.01301,0.00847,0.00545,0.00801,0.01463,0.00731,0.01546,0.0217,0.01616,0.01511,0.03084,0.01265,0.00474
2025 Q3,0.01118,0.04034,0.01145,0.03463,0.03935,0.014,0.03038,0.00826,0.00688,0.01619,0.01217,0.01004,0.01229,0.00573,0.01541,0.01131,0.03241,0.01989,0.01412,0.00532,0.00699,0.05045,0.01453,0.0179,0.0108,0.00373,0.00637,0.0044,0.00997,0.00462,0.00832,0.00734,0.0126,0.01904,0.00705,0.01651,0.01422,0.00917,0.00586,0.00867,0.01595,0.00775,0.01671,0.02432,0.01757,0.0166,0.03437,0.01354,0.00499
2025 Q4,0.01203,0.04435,0.0125,0.03847,0.04331,0.01532,0.03259,0.00876,0.00738,0.018,0.01338,0.01089,0.0133,0.0062,0.01681,0.01233,0.03594,0.02134,0.01533,0.00555,0.00757,0.05658,0.01579,0.01963,0.01175,0.00393,0.00691,0.00464,0.01085,0.00494,0.00896,0.00779,0.0138,0.02076,0.00771,0.01824,0.01553,0.00993,0.00631,0.00938,0.0174,0.00822,0.01807,0.02726,0.0191,0.01823,0.03828,0.0145,0.00526
2026 Q1,0.01294,0.04873,0.01365,0.04273,0.04765,0.01677,0.03495,0.00928,0.00791,0.02001,0.0147,0.01181,0.0144,0.00671,0.01834,0.01344,0.03983,0.0229,0.01663,0.00579,0.00821,0.06341,0.01715,0.02151,0.01278,0.00414,0.00749,0.00489,0.01181,0.00527,0.00965,0.00827,0.01512,0.02262,0.00843,0.02015,0.01696,0.01075,0.00679,0.01014,0.01896,0.00871,0.01953,0.03053,0.02077,0.02001,0.04262,0.01553,0.00554
2026 Q2,0.01392,0.05353,0.01491,0.04743,0.05241,0.01835,0.03748,0.00984,0.00849,0.02223,0.01615,0.0128,0.01558,0.00726,0.02001,0.01465,0.04413,0.02457,0.01805,0.00605,0.0089,0.07101,0.01864,0.02357,0.01389,0.00436,0.00812,0.00516,0.01286,0.00563,0.0104,0.00878,0.01655,0.02465,0.00922,0.02226,0.01851,0.01163,0.00731,0.01097,0.02067,0.00924,0.02111,0.03419,0.02257,0.02197,0.04743,0.01663,0.00583
2026 Q3,0.01498,0.05876,0.01628,0.05262,0.05761,0.02008,0.04019,0.01042,0.0091,0.02469,0.01774,0.01388,0.01686,0.00786,0.02182,0.01596,0.04887,0.02636,0.01958,0.00631,0.00965,0.07943,0.02024,0.02583,0.01511,0.00459,0.00879,0.00545,0.014,0.00602,0.0112,0.00933,0.01812,0.02685,0.01008,0.02458,0.02021,0.01259,0.00787,0.01187,0.02253,0.00979,0.02282,0.03826,0.02453,0.02411,0.05275,0.0178,0.00614
2026 Q4,0.01611,0.06448,0.01777,0.05835,0.06329,0.02197,0.04308,0.01105,0.00976,0.02742,0.01949,0.01505,0.01823,0.0085,0.0238,0.0174,0.05408,0.02827,0.02124,0.00659,0.01046,0.08876,0.02199,0.02829,0.01642,0.00483,0.00953,0.00574,0.01523,0.00643,0.01206,0.0099,0.01983,0.02924,0.01102,0.02714,0.02206,0.01363,0.00847,0.01284,0.02455,0.01038,0.02465,0.0428,0.02665,0.02646,0.05863,0.01906,0.00646
2027 Q1,0.01732,0.07071,0.01939,0.06465,0.06949,0.02403,0.04616,0.0117,0.01047,0.03045,0.0214,0.01631,0.01973,0.0092,0.02594,0.01895,0.05982,0.03032,0.02304,0.00688,0.01134,0.09907,0.02388,0.03098,0.01786,0.00509,0.01033,0.00606,0.01658,0.00686,0.01299,0.01052,0.02171,0.03184,0.01204,0.02995,0.02408,0.01474,0.00911,0.01389,0.02674,0.011,0.02664,0.04785,0.02896,0.02903,0.06512,0.0204,0.00681
2027 Q2,0.01863,0.07749,0.02116,0.07159,0.07625,0.02629,0.04946,0.0124,0.01123,0.03379,0.0235,0.01768,0.02134,0.00996,0.02828,0.02065,0.06613,0.03251,0.02498,0.00718,0.01229,0.11043,0.02593,0.03392,0.01941,0.00536,0.01119,0.00639,0.01804,0.00733,0.01399,0.01117,0.02375,0.03466,0.01316,0.03305,0.02628,0.01595,0.00981,0.01502,0.02913,0.01166,0.02877,0.05346,0.03145,0.03184,0.07227,0.02183,0.00717
2027 Q3,0.02003,0.08486,0.02309,0.0792,0.08361,0.02874,0.05298,0.01314,0.01204,0.03749,0.0258,0.01916,0.02307,0.01078,0.03082,0.02249,0.07305,0.03485,0.02709,0.0075,0.01332,0.12291,0.02815,0.03713,0.02109,0.00564,0.01212,0.00674,0.01962,0.00783,0.01506,0.01185,0.02599,0.03772,0.01439,0.03645,0.02867,0.01726,0.01055,0.01624,0.03172,0.01236,0.03108,0.05969,0.03415,0.03491,0.08014,0.02337,0.00754
2027 Q4,0.02154,0.09286,0.02518,0.08755,0.09161,0.03142,0.05674,0.01392,0.01291,0.04157,0.02832,0.02076,0.02495,0.01166,0.03358,0.0245,0.08063,0.03735,0.02936,0.00783,0.01443,0.13659,0.03055,0.04062,0.02292,0.00594,0.01313,0.00711,0.02134,0.00836,0.01622,0.01258,0.02842,0.04105,0.01572,0.0402,0.03127,0.01867,0.01136,0.01756,0.03454,0.0131,0.03356,0.0666,0.03708,0.03826,0.08879,0.02501,0.00794
2028 Q1,0.02315,0.10154,0.02747,0.09669,0.10029,0.03434,0.06074,0.01475,0.01384,0.04608,0.03107,0.02249,0.02697,0.01261,0.03658,0.02667,0.08892,0.04003,0.03183,0.00817,0.01564,0.15152,0.03316,0.04443,0.02491,0.00626,0.01422,0.0075,0.02321,0.00892,0.01746,0.01336,0.03108,0.04465,0.01718,0.0443,0.0341,0.0202,0.01222,0.01898,0.03759,0.01389,0.03623,0.07424,0.04025,0.04193,0.09827,0.02675,0.00836
2028 Q2,0.02489,0.11092,0.02995,0.10667,0.10969,0.03751,0.06501,0.01563,0.01484,0.05105,0.03408,0.02436,0.02916,0.01364,0.03983,0.02904,0.09798,0.04289,0.03449,0.00853,0.01694,0.16777,0.03597,0.04858,0.02706,0.00659,0.01541,0.00791,0.02524,0.00953,0.01879,0.01418,0.03398,0.04855,0.01877,0.04881,0.03717,0.02184,0.01315,0.02052,0.0409,0.01472,0.03911,0.08268,0.04367,0.04593,0.10864,0.02862,0.0088
2028 Q3,0.02675,0.12106,0.03265,0.11754,0.11986,0.04097,0.06956,0.01655,0.0159,0.05653,0.03737,0.02638,0.03151,0.01476,0.04337,0.03161,0.10784,0.04595,0.03737,0.0089,0.01835,0.18539,0.03902,0.0531,0.02939,0.00694,0.01668,0.00835,0.02745,0.01018,0.02023,0.01505,0.03714,0.05277,0.0205,0.05375,0.04051,0.02362,0.01414,0.02218,0.0445,0.0156,0.0422,0.09199,0.04737,0.05029,0.11996,0.03062,0.00927
2028 Q4,0.02874,0.13198,0.03559,0.12937,0.13083,0.04474,0.07439,0.01753,0.01705,0.06256,0.04097,0.02857,0.03405,0.01596,0.0472,0.03439,0.11857,0.04921,0.04047,0.00929,0.01988,0.2044,0.04231,0.05801,0.03191,0.00731,0.01807,0.00881,0.02984,0.01086,0.02177,0.01598,0.04058,0.05734,0.02239,0.05916,0.04414,0.02554,0.01521,0.02397,0.04839,0.01653,0.04553,0.10223,0.05137,0.05504,0.13229,0.03275,0.00976
2029 Q1,0.03088,0.14373,0.03878,0.14219,0.14265,0.04883,0.07954,0.01857,0.01827,0.06918,0.0449,0.03093,0.03678,0.01726,0.05135,0.03742,0.13022,0.05269,0.04383,0.0097,0.02153,0.22482,0.04587,0.06334,0.03464,0.00769,0.01956,0.00929,0.03243,0.0116,0.02343,0.01696,0.04432,0.06227,0.02445,0.06508,0.04807,0.02761,0.01637,0.0259,0.0526,0.01752,0.0491,0.11346,0.05569,0.06021,0.14567,0.03502,0.01027
2029 Q2,0.03317,0.15633,0.04224,0.15605,0.15533,0.05328,0.08501,0.01967,0.01958,0.07644,0.04918,0.03348,0.03973,0.01867,0.05584,0.04069,0.14281,0.05641,0.04744,0.01012,0.02331,0.24665,0.04971,0.06913,0.0376,0.0081,0.02118,0.00979,0.03523,0.01238,0.02521,0.018,0.04839,0.0676,0.02669,0.07154,0.05234,0.02985,0.0176,0.02798,0.05716,0.01856,0.05295,0.12575,0.06034,0.06583,0.16016,0.03744,0.01081
2029 Q3,0.03563,0.16983,0.046,0.17099,0.16893,0.0581,0.09082,0.02083,0.02099,0.08439,0.05385,0.03623,0.0429,0.02018,0.0607,0.04424,0.15641,0.06037,0.05134,0.01056,0.02524,0.26986,0.05385,0.0754,0.0408,0.00853,0.02293,0.01033,0.03827,0.01322,0.02712,0.0191,0.05281,0.07336,0.02913,0.07859,0.05696,0.03225,0.01893,0.03022,0.06209,0.01966,0.05707,0.13917,0.06536,0.07194,0.17579,0.04003,0.01138
2029 Q4,0.03826,0.18423,0.05007,0.18705,0.18345,0.06334,0.09698,0.02206,0.02249,0.0931,0.05894,0.0392,0.04631,0.02182,0.06595,0.04809,0.17105,0.06458,0.05554,0.01102,0.02732,0.2944,0.05832,0.0822,0.04426,0.00898,0.02481,0.01089,0.04156,0.01411,0.02918,0.02027,0.05762,0.07956,0.03179,0.08627,0.06197,0.03485,0.02036,0.03264,0.06741,0.02083,0.06149,0.15377,0.07076,0.07857,0.1926,0.04278,0.01198
2030 Q1,0.04108,0.19956,0.05449,0.20425,0.19893,0.06901,0.10351,0.02336,0.02409,0.10259,0.06447,0.0424,0.04998,0.02358,0.07163,0.05225,0.18675,0.06907,0.06006,0.01151,0.02957,0.3202,0.06314,0.08954,0.048,0.00946,0.02685,0.01149,0.04512,0.01506,0.03138,0.02151,0.06283,0.08623,0.03468,0.09462,0.06738,0.03764,0.02189,0.03524,0.07315,0.02207,0.06624,0.16959,0.07657,0.08575,0.2106,0.04572,0.01261
2030 Q2,0.0441,0.21582,0.05927,0.22259,0.21537,0.07515,0.11043,0.02474,0.02581,0.11294,0.07049,0.04585,0.05392,0.02549,0.07775,0.05675,0.20354,0.07385,0.06493,0.01201,0.032,0.34714,0.06832,0.09747,0.05203,0.00996,0.02905,0.01212,0.04897,0.01608,0.03374,0.02282,0.06848,0.09341,0.03783,0.10369,0.07323,0.04065,0.02353,0.03804,0.07934,0.02338,0.07132,0.18669,0.08282,0.09352,0.22981,0.04884,0.01327
2030 Q3,0.04732,0.23303,0.06444,0.24208,0.23277,0.08178,0.11776,0.02619,0.02765,0.12419,0.07702,0.04957,0.05816,0.02754,0.08435,0.06161,0.22143,0.07893,0.07016,0.01253,0.03462,0.3751,0.0739,0.10603,0.05639,0.01048,0.03143,0.01278,0.05313,0.01716,0.03628,0.02421,0.0746,0.10112,0.04125,0.11352,0.07954,0.04389,0.02529,0.04106,0.086,0.02476,0.07676,0.20508,0.08953,0.10192,0.25021,0.05217,0.01397
2030 Q4,0.05078,0.25117,0.07002,0.2627,0.25113,0.08895,0.1255,0.02773,0.02961,0.13638,0.0841,0.05357,0.0627,0.02976,0.09145,0.06686,0.24042,0.08433,0.07578,0.01308,0.03745,0.40391,0.07989,0.11524,0.06109,0.01104,0.03399,0.01347,0.05762,0.01831,0.039,0.02568,0.08121,0.10939,0.04496,0.12416,0.08635,0.04738,0.02719,0.0443,0.09317,0.02623,0.08258,0.22479,0.09673,0.11098,0.27179,0.05571,0.01471
2031 Q1,0.05446,0.27023,0.07606,0.28442,0.27042,0.09668,0.13367,0.02935,0.03171,0.14956,0.09176,0.05788,0.06758,0.03215,0.09909,0.07253,0.26049,0.09006,0.0818,0.01365,0.0405,0.43341,0.08632,0.12513,0.06615,0.01162,0.03676,0.01421,0.06247,0.01954,0.04191,0.02724,0.08836,0.11824,0.04899,0.13563,0.09368,0.05113,0.02922,0.04779,0.10087,0.02777,0.08879,0.2458,0.10443,0.12073,0.29449,0.05948,0.01548
2031 Q2,0.0584,0.29017,0.08256,0.30719,0.29062,0.105,0.14228,0.03106,0.03395,0.16378,0.10005,0.0625,0.0728,0.03472,0.10729,0.07863,0.28161,0.09614,0.08827,0.01424,0.04379,0.46339,0.09321,0.13575,0.07159,0.01223,0.03974,0.01498,0.06769,0.02085,0.04503,0.0289,0.09607,0.12771,0.05336,0.14799,0.10156,0.05515,0.03139,0.05154,0.10913,0.02941,0.09543,0.2681,0.11268,0.13122,0.31826,0.06348,0.01629
2031 Q3,0.06261,0.31095,0.08957,0.33093,0.31169,0.11395,0.15136,0.03288,0.03635,0.17907,0.109,0.06748,0.0784,0.03749,0.11608,0.0852,0.30374,0.10258,0.09519,0.01486,0.04733,0.49363,0.1006,0.14711,0.07745,0.01288,0.04295,0.0158,0.07332,0.02224,0.04837,0.03064,0.10437,0.13782,0.0581,0.16127,0.11002,0.05948,0.03372,0.05557,0.11798,0.03114,0.1025,0.29164,0.12148,0.14247,0.34302,0.06774,0.01714
2031 Q4,0.06709,0.33253,0.09711,0.35557,0.33356,0.12355,0.1609,0.03479,0.0389,0.19545,0.11864,0.07281,0.08438,0.04047,0.12548,0.09226,0.32682,0.10941,0.10259,0.01551,0.05114,0.52392,0.1085,0.15925,0.08375,0.01356,0.04641,0.01665,0.07937,0.02373,0.05194,0.0325,0.1133,0.1486,0.06323,0.17549,0.1191,0.06412,0.03622,0.05988,0.12744,0.03297,0.11004,0.31635,0.13087,0.15451,0.36867,0.07226,0.01804
2032 Q1,0.07188,0.35483,0.10521,0.381,0.35618,0.13384,0.17093,0.03681,0.04163,0.21294,0.12901,0.07853,0.09078,0.04368,0.13554,0.09984,0.35078,0.11663,0.11049,0.01619,0.05524,0.55403,0.11695,0.1722,0.09051,0.01427,0.05013,0.01756,0.08588,0.02531,0.05577,0.03445,0.1229,0.16006,0.06878,0.19068,0.12882,0.06909,0.0389,0.06452,0.13754,0.0349,0.11806,0.34214,0.14088,0.16737,0.39508,0.07705,0.01898
2032 Q2,0.07697,0.37778,0.1139,0.40709,0.37945,0.14485,0.18144,0.03895,0.04454,0.23154,0.14014,0.08467,0.09761,0.04713,0.14626,0.10797,0.3755,0.12425,0.11892,0.01689,0.05964,0.58375,0.12595,0.18596,0.09775,0.01502,0.05413,0.01851,0.09287,0.027,0.05985,0.03653,0.13318,0.17222,0.07477,0.20686,0.1392,0.07442,0.04177,0.06948,0.14831,0.03694,0.12657,0.36891,0.15151,0.18107,0.42211,0.08214,0.01997
2032 Q3,0.0824,0.4013,0.12321,0.43373,0.4033,0.1566,0.19245,0.0412,0.04765,0.25125,0.15207,0.09123,0.10489,0.05084,0.15768,0.11668,0.4009,0.13231,0.12791,0.01762,0.06438,0.61288,0.13554,0.20055,0.10551,0.01581,0.05843,0.01951,0.10037,0.02879,0.06422,0.03872,0.14418,0.18511,0.08125,0.22402,0.15028,0.08013,0.04483,0.07479,0.15976,0.0391,0.13561,0.3965,0.1628,0.19563,0.44962,0.08752,0.02101
2032 Q4,0.08817,0.42527,0.13317,0.46075,0.42761,0.16911,0.20396,0.04358,0.05096,0.27204,0.16481,0.09825,0.11265,0.05482,0.16981,0.12599,0.42683,0.1408,0.13747,0.01839,0.06946,0.64122,0.14575,0.21598,0.1138,0.01664,0.06306,0.02057,0.10839,0.0307,0.06888,0.04104,0.15592,0.19873,0.08823,0.24218,0.16207,0.08623,0.04812,0.08048,0.17192,0.04137,0.14519,0.42477,0.17475,0.21106,0.47744,0.09323,0.02211
2033 Q1,0.0943,0.44961,0.1438,0.488,0.45227,0.18241,0.21598,0.04609,0.05448,0.29388,0.1784,0.10574,0.12091,0.0591,0.18268,0.13593,0.45318,0.14974,0.14762,0.01918,0.07491,0.66861,0.15658,0.23226,0.12266,0.01751,0.06802,0.02168,0.11698,0.03274,0.07385,0.04349,0.16844,0.21308,0.09575,0.26131,0.1746,0.09275,0.05163,0.08656,0.1848,0.04377,0.15532,0.45354,0.18738,0.22737,0.5054,0.09927,0.02326
2033 Q2,0.10081,0.47418,0.15513,0.51533,0.47717,0.19651,0.2285,0.04873,0.05824,0.31671,0.19285,0.11373,0.12969,0.06369,0.19628,0.14653,0.47979,0.15914,0.15838,0.02002,0.08076,0.6949,0.16806,0.24937,0.1321,0.01843,0.07334,0.02285,0.12615,0.0349,0.07916,0.04608,0.18174,0.22818,0.10384,0.2814,0.18788,0.09972,0.05538,0.09305,0.19841,0.04631,0.16602,0.48262,0.20071,0.24454,0.53333,0.10565,0.02446
2033 Q3,0.10772,0.49888,0.16717,0.54256,0.50219,0.21141,0.24153,0.05152,0.06223,0.34045,0.20818,0.12225,0.139,0.0686,0.21064,0.15779,0.50652,0.16902,0.16977,0.02088,0.08701,0.71998,0.1802,0.26731,0.14216,0.0194,0.07904,0.02408,0.13593,0.0372,0.0848,0.04881,0.19585,0.24402,0.11252,0.30239,0.20192,0.10714,0.05938,0.09997,0.21277,0.04898,0.1773,0.51183,0.21473,0.26257,0.56105,0.11239,0.02573
2033 Q4,0.11504,0.52359,0.17996,0.56954,0.52719,0.22713,0.25505,0.05446,0.06648,0.36503,0.22438,0.13131,0.14886,0.07387,0.22576,0.16976,0.53321,0.17938,0.18181,0.02178,0.0937,0.74376,0.19301,0.28604,0.15284,0.02041,0.08515,0.02538,0.14634,0.03964,0.09081,0.0517,0.21077,0.26059,0.12184,0.32425,0.21674,0.11504,0.06366,0.10735,0.22787,0.0518,0.18918,0.54095,0.22945,0.28143,0.5884,0.11951,0.02707
2034 Q1,0.1228,0.54818,0.19349,0.59611,0.55206,0.24365,0.26906,0.05755,0.071,0.39033,0.24147,0.14093,0.1593,0.07951,0.24163,0.18243,0.55971,0.19022,0.19449,0.02273,0.10085,0.76617,0.2065,0.30554,0.16417,0.02148,0.09168,0.02674,0.1574,0.04224,0.09721,0.05476,0.2265,0.27787,0.13181,0.34689,0.23232,0.12345,0.06822,0.1152,0.24371,0.05477,0.20165,0.56979,0.24486,0.30109,0.61521,0.12701,0.02847
2034 Q2,0.13099,0.57254,0.20778,0.62214,0.57667,0.26097,0.28355,0.06081,0.0758,0.41624,0.25941,0.15113,0.17032,0.08553,0.25824,0.19582,0.58587,0.20157,0.20784,0.02371,0.10848,0.78719,0.22068,0.32576,0.17617,0.0226,0.09865,0.02818,0.16913,0.045,0.104,0.05798,0.24305,0.29583,0.14246,0.37026,0.24867,0.13237,0.07308,0.12355,0.26028,0.05791,0.21474,0.59817,0.26096,0.32152,0.64134,0.13491,0.02994
2034 Q3,0.13965,0.59656,0.22283,0.64748,0.60091,0.27906,0.2985,0.06425,0.0809,0.44261,0.2782,0.16194,0.18193,0.09197,0.27558,0.20995,0.61156,0.21341,0.22185,0.02473,0.11662,0.80679,0.23555,0.34665,0.18885,0.02378,0.1061,0.02969,0.18154,0.04793,0.1112,0.06137,0.2604,0.31446,0.15382,0.39425,0.26577,0.14184,0.07826,0.13242,0.27756,0.06121,0.22842,0.62591,0.27773,0.34265,0.66665,0.14322,0.03148
2034 Q4,0.14878,0.62012,0.23865,0.67201,0.62466,0.2979,0.31389,0.06786,0.08631,0.46932,0.29781,0.17336,0.19416,0.09884,0.29362,0.22481,0.63665,0.22575,0.23652,0.02579,0.12527,0.82499,0.25109,0.36815,0.20221,0.02502,0.11403,0.03127,0.19466,0.05105,0.11884,0.06496,0.27854,0.33369,0.16592,0.41875,0.2836,0.15187,0.08377,0.14181,0.29553,0.06468,0.24271,0.65284,0.29515,0.36442,0.69104,0.15195,0.0331
2035 Q1,0.1584,0.64312,0.25522,0.69564,0.64782,0.31746,0.3297,0.07166,0.09205,0.4962,0.31819,0.1854,0.207,0.10616,0.31233,0.2404,0.66101,0.23859,0.25185,0.0269,0.13447,0.84181,0.2673,0.39019,0.21627,0.02632,0.12248,0.03295,0.20848,0.05435,0.12693,0.06873,0.29742,0.3535,0.17876,0.44367,0.30213,0.16247,0.08964,0.15176,0.31416,0.06834,0.2576,0.67883,0.31318,0.38676,0.71441,0.16111,0.03481
2035 Q2,0.16851,0.66549,0.27253,0.71828,0.67032,0.33768,0.34591,0.07566,0.09812,0.5231,0.33929,0.19808,0.22045,0.11396,0.33168,0.25672,0.68455,0.25192,0.26783,0.02806,0.14424,0.85729,0.28416,0.41269,0.23103,0.02768,0.13146,0.0347,0.22301,0.05785,0.13548,0.07271,0.31703,0.37383,0.19237,0.46887,0.32134,0.17367,0.09587,0.16227,0.3334,0.07219,0.27307,0.70375,0.3318,0.40959,0.73669,0.17072,0.03659
2035 Q3,0.17914,0.68713,0.29056,0.73987,0.69205,0.35851,0.36248,0.07986,0.10455,0.54987,0.36104,0.21141,0.23452,0.12225,0.35161,0.27374,0.70717,0.26573,0.28443,0.02926,0.15458,0.87149,0.30164,0.43555,0.24647,0.02912,0.141,0.03655,0.23825,0.06157,0.14452,0.0769,0.33731,0.39461,0.20675,0.49423,0.34117,0.18546,0.10249,0.17336,0.35322,0.07624,0.2891,0.72752,0.35096,0.43281,0.75781,0.18077,0.03847
2035 Q4,0.19028,0.70799,0.30927,0.76035,0.71297,0.37989,0.37938,0.08427,0.11135,0.57635,0.38339,0.22537,0.24921,0.13106,0.37207,0.29145,0.72882,0.28002,0.30164,0.03051,0.16553,0.88447,0.31972,0.4587,0.2626,0.03062,0.1511,0.03849,0.25419,0.06551,0.15405,0.08131,0.3582,0.41577,0.22191,0.51963,0.36156,0.19786,0.10951,0.18504,0.37356,0.08049,0.30569,0.75006,0.37061,0.45634,0.77776,0.19128,0.04043
2036 Q1,0.20194,0.72801,0.32863,0.7797,0.73302,0.40175,0.39659,0.0889,0.11853,0.6024,0.40623,0.23998,0.26449,0.1404,0.393,0.30982,0.74943,0.29477,0.31943,0.03182,0.17709,0.89629,0.33836,0.48202,0.27938,0.03221,0.1618,0.04053,0.27082,0.06968,0.16409,0.08595,0.37965,0.43726,0.23785,0.54492,0.38248,0.21087,0.11694,0.19732,0.39435,0.08496,0.32279,0.77132,0.3907,0.48006,0.7965,0.20225,0.04249
2036 Q2,0.21413,0.74714,0.34859,0.79791,0.75215,0.42401,0.41405,0.09376,0.12611,0.62789,0.42949,0.25523,0.28036,0.15029,0.41434,0.32881,0.76898,0.30996,0.33775,0.03318,0.18927,0.90703,0.35752,0.50542,0.29681,0.03387,0.17309,0.04267,0.28811,0.07409,0.17464,0.09083,0.40158,0.45898,0.25456,0.56998,0.40383,0.2245,0.12481,0.2102,0.41553,0.08966,0.34038,0.79127,0.41116,0.50387,0.81404,0.21369,0.04466
2036 Q3,0.22685,0.76537,0.36909,0.81496,0.77034,0.44658,0.43174,0.09886,0.1341,0.65268,0.45307,0.2711,0.2968,0.16074,0.436,0.34837,0.78743,0.32557,0.35658,0.0346,0.20208,0.91676,0.37714,0.5288,0.31485,0.03561,0.185,0.04492,0.30605,0.07876,0.18573,0.09596,0.42391,0.48086,0.27203,0.59469,0.42556,0.23875,0.13313,0.22369,0.43703,0.09459,0.35842,0.80991,0.43194,0.52766,0.83039,0.22558,0.04692
2036 Q4,0.24009,0.78266,0.39008,0.83088,0.78757,0.46937,0.44959,0.1042,0.14252,0.67667,0.47685,0.28757,0.31378,0.17178,0.4579,0.36846,0.80478,0.34158,0.37586,0.03607,0.21553,0.92556,0.39717,0.55205,0.33347,0.03744,0.19753,0.04729,0.32459,0.0837,0.19735,0.10134,0.44656,0.50281,0.29023,0.61892,0.44757,0.2536,0.14192,0.23779,0.45877,0.09976,0.37687,0.82725,0.45297,0.55133,0.84557,0.23794,0.0493
2037 Q1,0.25385,0.79901,0.41149,0.8457,0.80384,0.49228,0.46758,0.1098,0.15137,0.69977,0.50075,0.30463,0.33128,0.18341,0.47997,0.38902,0.82104,0.35796,0.39554,0.0376,0.22962,0.93349,0.41755,0.57508,0.35262,0.03937,0.2107,0.04977,0.3437,0.08892,0.20951,0.10699,0.46942,0.52475,0.30912,0.64258,0.4698,0.26906,0.15118,0.25249,0.48067,0.10518,0.39568,0.84332,0.47416,0.57476,0.85963,0.25076,0.05179
2037 Q2,0.26812,0.81443,0.43323,0.85943,0.81915,0.51524,0.48566,0.11566,0.16067,0.72189,0.52463,0.32224,0.34925,0.19564,0.50212,0.40997,0.83622,0.37468,0.41557,0.0392,0.24435,0.94063,0.43822,0.59778,0.37226,0.04138,0.22449,0.05238,0.36333,0.09443,0.22222,0.11292,0.49242,0.54659,0.32868,0.66557,0.49214,0.28509,0.16093,0.26777,0.50264,0.11085,0.41481,0.85815,0.49544,0.59787,0.8726,0.26403,0.0544
2037 Q3,0.28288,0.82891,0.45523,0.87213,0.83351,0.53812,0.50377,0.12178,0.17042,0.74298,0.54841,0.34037,0.36767,0.20847,0.52426,0.43126,0.85034,0.3917,0.43588,0.04086,0.2597,0.94705,0.45911,0.62007,0.39233,0.04349,0.23892,0.05511,0.38342,0.10025,0.23546,0.11913,0.51545,0.56826,0.34886,0.68779,0.51452,0.30169,0.17119,0.28363,0.5246,0.1168,0.4342,0.87178,0.51674,0.62055,0.88453,0.27774,0.05713
2037 Q4,0.29813,0.84249,0.47741,0.88383,0.84695,0.56085,0.52187,0.12819,0.18064,0.763,0.57197,0.35898,0.38647,0.22192,0.5463,0.45281,0.86345,0.40899,0.4564,0.04259,0.27566,0.95281,0.48014,0.64187,0.41276,0.04571,0.25397,0.05798,0.40393,0.10638,0.24924,0.12563,0.53842,0.58967,0.36958,0.70918,0.53684,0.31882,0.18196,0.30005,0.54647,0.12301,0.45379,0.88429,0.53798,0.64272,0.89548,0.29188,0.05999
2038 Q1,0.31385,0.85517,0.49968,0.89459,0.85948,0.58333,0.53991,0.13488,0.19133,0.78192,0.59521,0.37803,0.40563,0.23597,0.56817,0.47454,0.87558,0.42651,0.47708,0.04439,0.29221,0.95797,0.50124,0.6631,0.43351,0.04803,0.26963,0.06099,0.42477,0.11284,0.26355,0.13243,0.56122,0.61075,0.39081,0.72969,0.55901,0.33645,0.19325,0.31699,0.56816,0.12952,0.47352,0.89572,0.55908,0.66429,0.9055,0.30643,0.06299
2038 Q2,0.33,0.86699,0.52196,0.90447,0.87114,0.60546,0.55785,0.14186,0.20249,0.79972,0.61802,0.39746,0.42507,0.25063,0.58977,0.49636,0.88677,0.44421,0.49783,0.04626,0.30934,0.96259,0.52233,0.68369,0.45449,0.05047,0.28588,0.06414,0.44588,0.11963,0.27838,0.13955,0.58377,0.63141,0.41245,0.74925,0.58095,0.35455,0.20506,0.33443,0.58959,0.13631,0.49334,0.90614,0.57997,0.68519,0.91465,0.32138,0.06612
2038 Q3,0.34656,0.87799,0.54414,0.91351,0.88197,0.62717,0.57564,0.14914,0.21414,0.81641,0.64033,0.41721,0.44475,0.26589,0.61103,0.5182,0.89707,0.46206,0.5186,0.04821,0.327,0.96672,0.54335,0.70358,0.47563,0.05302,0.30271,0.06744,0.46719,0.12678,0.2937,0.14698,0.60597,0.65161,0.43443,0.76786,0.60257,0.37308,0.2174,0.35234,0.61069,0.14339,0.51318,0.91562,0.60058,0.70537,0.92299,0.33671,0.0694
2038 Q4,0.3635,0.8882,0.56615,0.92176,0.892,0.64838,0.59324,0.15673,0.22626,0.83201,0.66205,0.43724,0.46461,0.28172,0.63188,0.53996,0.90654,0.48,0.53929,0.05023,0.34517,0.97041,0.56421,0.72273,0.49686,0.0557,0.32009,0.0709,0.48862,0.13429,0.30951,0.15474,0.62774,0.67128,0.45668,0.78547,0.6238,0.39199,0.23027,0.37068,0.63138,0.15079,0.53298,0.92422,0.62084,0.72478,0.93058,0.35238,0.07282
2039 Q1,0.38079,0.89765,0.5879,0.92929,0.90128,0.66902,0.6106,0.16463,0.23887,0.84652,0.68311,0.45747,0.48458,0.29811,0.65224,0.56158,0.91521,0.498,0.55986,0.05234,0.36381,0.9737,0.58485,0.7411,0.5181,0.0585,0.33798,0.07453,0.5101,0.14218,0.32578,0.16283,0.64901,0.69036,0.4791,0.8021,0.64457,0.41123,0.24366,0.38939,0.65159,0.15849,0.55268,0.932,0.64069,0.74338,0.93747,0.36838,0.07641
2039 Q2,0.39839,0.90638,0.60932,0.93615,0.90983,0.68903,0.62769,0.17285,0.25194,0.86,0.70344,0.47785,0.50459,0.31503,0.67207,0.58296,0.92315,0.516,0.58022,0.05452,0.38286,0.97663,0.60519,0.75866,0.53928,0.06143,0.35634,0.07832,0.53153,0.15045,0.34248,0.17125,0.6697,0.70882,0.50161,0.81773,0.6648,0.43074,0.25757,0.40843,0.67128,0.16651,0.57221,0.93905,0.66006,0.76113,0.94372,0.38468,0.08015
2039 Q3,0.41625,0.91444,0.63032,0.94238,0.91772,0.70835,0.64446,0.18138,0.26548,0.87247,0.72299,0.4983,0.52459,0.33247,0.6913,0.60404,0.9304,0.53396,0.60031,0.05679,0.40228,0.97924,0.62518,0.77538,0.56031,0.0645,0.37514,0.08229,0.55285,0.1591,0.35958,0.18002,0.68975,0.72661,0.52411,0.83239,0.68445,0.45047,0.27199,0.42776,0.69038,0.17485,0.59152,0.9454,0.67892,0.77802,0.94937,0.40124,0.08406
2039 Q4,0.43433,0.92187,0.65084,0.94804,0.92497,0.72695,0.66088,0.19024,0.27948,0.88397,0.74173,0.51875,0.54452,0.35037,0.70988,0.62474,0.93702,0.55183,0.62007,0.05916,0.422,0.98157,0.64475,0.79127,0.58113,0.06771,0.39432,0.08645,0.57398,0.16816,0.37704,0.18913,0.70912,0.74371,0.54651,0.84609,0.70346,0.47036,0.28691,0.44731,0.70885,0.18352,0.61055,0.95113,0.69721,0.79404,0.95449,0.41803,0.08814
2040 Q1,0.45259,0.9287,0.67081,0.95317,0.93163,0.7448,0.67693,0.19943,0.29392,0.89457,0.75963,0.53914,0.5643,0.36871,0.72779,0.64499,0.94304,0.56957,0.63944,0.06161,0.44199,0.98364,0.66385,0.80631,0.60167,0.07107,0.41384,0.09079,0.59484,0.17762,0.39483,0.19859,0.72775,0.76009,0.56872,0.85887,0.72179,0.49034,0.3023,0.46702,0.72666,0.19251,0.62925,0.95628,0.71489,0.80919,0.95911,0.43501,0.0924
2040 Q2,0.47098,0.93498,0.69019,0.95781,0.93774,0.76186,0.69257,0.20895,0.30879,0.9043,0.77665,0.55941,0.58388,0.38743,0.74499,0.66473,0.94852,0.58713,0.65836,0.06416,0.46216,0.98548,0.68242,0.82052,0.62185,0.07458,0.43363,0.09532,0.61537,0.1875,0.4129,0.20841,0.74562,0.77575,0.59066,0.87074,0.73941,0.51036,0.31815,0.48683,0.74377,0.20184,0.64757,0.96091,0.73194,0.82347,0.96328,0.45214,0.09685
2040 Q3,0.48945,0.94074,0.70892,0.96201,0.94333,0.77811,0.70778,0.2188,0.32406,0.91322,0.7928,0.57947,0.6032,0.40649,0.76146,0.68392,0.9535,0.60448,0.67679,0.0668,0.48245,0.98712,0.70044,0.8339,0.64162,0.07825,0.45363,0.10006,0.63549,0.1978,0.43121,0.21858,0.7627,0.79066,0.61225,0.88175,0.75628,0.53034,0.33444,0.50669,0.76017,0.2115,0.66546,0.96507,0.74833,0.83689,0.96704,0.46939,0.10149
2040 Q4,0.50795,0.94602,0.72697,0.96581,0.94845,0.79356,0.72253,0.22897,0.33972,0.92139,0.80807,0.59928,0.6222,0.42584,0.77719,0.7025,0.95802,0.62156,0.6947,0.06955,0.50281,0.98857,0.71785,0.84647,0.66092,0.08209,0.47378,0.10501,0.65515,0.20851,0.44971,0.22909,0.77897,0.80483,0.63341,0.89194,0.7724,0.55022,0.35112,0.52652,0.77583,0.2215,0.68289,0.96881,0.76404,0.84949,0.97043,0.48671,0.10632
2041 Q1,0.52643,0.95085,0.7443,0.96925,0.95313,0.8082,0.73682,0.23948,0.35574,0.92884,0.82247,0.61877,0.64083,0.44541,0.79216,0.72043,0.96212,0.63835,0.71203,0.0724,0.52315,0.98986,0.73463,0.85824,0.6797,0.08609,0.49402,0.11017,0.67429,0.21964,0.46835,0.23997,0.79443,0.81826,0.65406,0.90135,0.78776,0.56995,0.36818,0.54627,0.79075,0.23183,0.69983,0.97215,0.77906,0.86127,0.97347,0.50406,0.11135
2041 Q2,0.54483,0.95527,0.76089,0.97234,0.95741,0.82203,0.75063,0.25031,0.37208,0.93564,0.83601,0.63788,0.65905,0.46516,0.80638,0.73768,0.96583,0.65481,0.72876,0.07536,0.54342,0.99101,0.75077,0.86926,0.69792,0.09028,0.51428,0.11555,0.69287,0.2312,0.48707,0.25118,0.80907,0.83096,0.67415,0.91003,0.80234,0.58945,0.38558,0.56588,0.80493,0.24249,0.71623,0.97514,0.79338,0.87227,0.97622,0.52141,0.11659
2041 Q3,0.56312,0.95931,0.77673,0.97514,0.96131,0.83507,0.76395,0.26146,0.38873,0.94182,0.8487,0.65656,0.67681,0.48502,0.81984,0.75424,0.96919,0.6709,0.74487,0.07843,0.56355,0.99203,0.76623,0.87954,0.71553,0.09464,0.53449,0.12116,0.71084,0.24318,0.50584,0.26275,0.8229,0.84294,0.69361,0.91801,0.81615,0.60868,0.40327,0.58528,0.81836,0.25348,0.73209,0.97782,0.807,0.88251,0.97868,0.5387,0.12204
2041 Q4,0.58123,0.963,0.79181,0.97765,0.96487,0.84733,0.77677,0.27293,0.40563,0.94745,0.86058,0.67478,0.69408,0.50492,0.83256,0.77007,0.97223,0.68661,0.76033,0.08162,0.58346,0.99293,0.78101,0.88911,0.73251,0.09919,0.55459,0.12701,0.72817,0.25556,0.52458,0.27464,0.83593,0.85422,0.71241,0.92534,0.82921,0.62757,0.42122,0.60443,0.83107,0.26479,0.74736,0.98022,0.81993,0.89204,0.98089,0.5559,0.12771
2042 Q1,0.59912,0.96637,0.80612,0.97992,0.96811,0.85884,0.78908,0.28471,0.42277,0.95256,0.87166,0.69248,0.71081,0.52481,0.84456,0.78518,0.97497,0.70189,0.77514,0.08492,0.60311,0.99373,0.79511,0.89801,0.74883,0.10394,0.57451,0.13309,0.74484,0.26836,0.54326,0.28687,0.84818,0.86482,0.73051,0.93206,0.84152,0.64609,0.43938,0.62325,0.84306,0.27642,0.76205,0.98236,0.83217,0.90088,0.98288,0.57296,0.1336
2042 Q2,0.61676,0.96944,0.81967,0.98196,0.97106,0.86961,0.80089,0.29679,0.44009,0.9572,0.88198,0.70963,0.72699,0.54462,0.85584,0.79955,0.97745,0.71674,0.78929,0.08834,0.62243,0.99444,0.80853,0.90627,0.76448,0.10889,0.59419,0.13941,0.76082,0.28156,0.56182,0.29942,0.85967,0.87477,0.74787,0.93822,0.85309,0.66417,0.4577,0.64172,0.85434,0.28836,0.77615,0.98428,0.84374,0.90907,0.98467,0.58986,0.13973
2042 Q3,0.63409,0.97224,0.83247,0.9838,0.97374,0.87967,0.81219,0.30916,0.45756,0.9614,0.89158,0.7262,0.7426,0.56429,0.86644,0.81319,0.97969,0.73113,0.80278,0.09188,0.64138,0.99508,0.82126,0.91393,0.77944,0.11404,0.61358,0.14599,0.7761,0.29514,0.58021,0.31228,0.87042,0.88408,0.76447,0.94385,0.86396,0.68179,0.47614,0.65977,0.86495,0.30061,0.78963,0.98599,0.85465,0.91664,0.98627,0.60654,0.14608
2042 Q4,0.65109,0.97479,0.84454,0.98545,0.97619,0.88906,0.82299,0.32181,0.47513,0.9652,0.90049,0.74217,0.75761,0.58376,0.87636,0.8261,0.98172,0.74505,0.8156,0.09556,0.65989,0.99564,0.83332,0.92102,0.7937,0.1194,0.63261,0.15282,0.79067,0.30909,0.59837,0.32543,0.88046,0.89278,0.7803,0.949,0.87415,0.6989,0.49464,0.67737,0.87489,0.31314,0.80252,0.98751,0.86492,0.92364,0.9877,0.62298,0.15267
2043 Q1,0.6677,0.97711,0.85589,0.98694,0.97841,0.8978,0.8333,0.33472,0.49277,0.96864,0.90873,0.75752,0.77201,0.60298,0.88565,0.8383,0.98354,0.75849,0.82777,0.09936,0.67792,0.99613,0.84472,0.92757,0.80727,0.12498,0.65124,0.15992,0.80454,0.3234,0.61627,0.33886,0.88983,0.90091,0.79535,0.9537,0.88367,0.71548,0.51316,0.69448,0.8842,0.32596,0.81479,0.98888,0.87457,0.93009,0.98899,0.63915,0.15951
2043 Q2,0.68392,0.97922,0.86654,0.98828,0.98042,0.90592,0.84313,0.34789,0.51042,0.97175,0.91636,0.77224,0.7858,0.62188,0.89433,0.84979,0.98519,0.77144,0.8393,0.1033,0.69544,0.99657,0.85548,0.93361,0.82015,0.13078,0.66941,0.16727,0.81769,0.33805,0.63386,0.35256,0.89854,0.90848,0.80962,0.95799,0.89256,0.73149,0.53164,0.71107,0.89291,0.33904,0.82647,0.99009,0.88362,0.93604,0.99015,0.655,0.16659
2043 Q3,0.69969,0.98114,0.87651,0.98948,0.98225,0.91346,0.85247,0.3613,0.52805,0.97456,0.92341,0.78631,0.79897,0.64041,0.90241,0.86061,0.98667,0.78389,0.85019,0.10737,0.71241,0.99696,0.86561,0.93918,0.83235,0.13681,0.6871,0.1749,0.83015,0.35302,0.6511,0.3665,0.90664,0.91552,0.82312,0.96189,0.90085,0.74693,0.55004,0.72711,0.90103,0.35236,0.83756,0.99117,0.89211,0.94151,0.99118,0.67051,0.17392
2043 Q4,0.71501,0.98288,0.88584,0.99056,0.98392,0.92045,0.86136,0.37492,0.54561,0.9771,0.9299,0.79975,0.81152,0.65854,0.90995,0.87077,0.988,0.79584,0.86047,0.11159,0.7288,0.99731,0.87513,0.94432,0.84388,0.14307,0.70425,0.18279,0.84192,0.36828,0.66796,0.38067,0.91415,0.92207,0.83586,0.96545,0.90856,0.76176,0.5683,0.74259,0.9086,0.36593,0.84808,0.99214,0.90004,0.94655,0.99211,0.68567,0.1815
2044 Q1,0.72984,0.98447,0.89455,0.99153,0.98543,0.92692,0.86979,0.38875,0.56305,0.97939,0.93589,0.81253,0.82347,0.67622,0.91695,0.88028,0.98921,0.8073,0.87015,0.11595,0.7446,0.99761,0.88407,0.94904,0.85475,0.14957,0.72085,0.19096,0.85302,0.38382,0.68439,0.39505,0.92111,0.92816,0.84784,0.96868,0.91574,0.77598,0.58637,0.75748,0.91564,0.37971,0.85802,0.993,0.90745,0.95117,0.99294,0.70043,0.18934
2044 Q2,0.74418,0.98591,0.90267,0.9924,0.9868,0.9329,0.87778,0.40275,0.58034,0.98145,0.94139,0.82468,0.83481,0.6934,0.92346,0.88919,0.99029,0.81826,0.87925,0.12046,0.75978,0.99789,0.89245,0.95338,0.86499,0.15631,0.73686,0.1994,0.86347,0.39959,0.70038,0.40961,0.92755,0.9338,0.8591,0.97162,0.92239,0.78959,0.60422,0.77177,0.92219,0.39368,0.86742,0.99377,0.91436,0.95541,0.99368,0.7148,0.19744
2044 Q3,0.75802,0.98722,0.91022,0.99318,0.98804,0.93842,0.88534,0.41692,0.59744,0.98332,0.94645,0.83621,0.84556,0.71007,0.92949,0.89751,0.99127,0.82872,0.88779,0.12511,0.77432,0.99813,0.90029,0.95737,0.87461,0.16329,0.75228,0.20813,0.87329,0.41557,0.71589,0.42433,0.9335,0.93903,0.86966,0.97429,0.92856,0.80259,0.62179,0.78546,0.92827,0.40784,0.87629,0.99445,0.92081,0.9593,0.99434,0.72874,0.20579
2044 Q4,0.77133,0.98841,0.91725,0.99388,0.98917,0.94352,0.89249,0.43123,0.6143,0.98499,0.95109,0.84711,0.85573,0.72618,0.93508,0.90527,0.99215,0.83871,0.89581,0.12992,0.78824,0.99834,0.90762,0.96103,0.88364,0.17053,0.76707,0.21713,0.88249,0.43173,0.73091,0.43919,0.939,0.94387,0.87953,0.97672,0.93428,0.81497,0.63905,0.79854,0.93391,0.42214,0.88464,0.99506,0.9268,0.96286,0.99494,0.74224,0.2144
2045 Q1,0.78412,0.98949,0.92377,0.99451,0.99019,0.94822,0.89925,0.44565,0.63089,0.9865,0.95536,0.85741,0.86534,0.74173,0.94026,0.91251,0.99294,0.84821,0.90331,0.13489,0.80151,0.99853,0.91446,0.96439,0.8921,0.17801,0.78124,0.22641,0.89111,0.44804,0.74541,0.45416,0.94407,0.94834,0.88875,0.97892,0.93957,0.82674,0.65596,0.81102,0.93913,0.43658,0.89249,0.9956,0.93238,0.96612,0.99547,0.7553,0.22327
2045 Q2,0.79638,0.99047,0.92981,0.99508,0.99112,0.95255,0.90563,0.46016,0.64718,0.98787,0.95926,0.86713,0.8744,0.75669,0.94505,0.91924,0.99365,0.85726,0.91033,0.14002,0.81415,0.9987,0.92084,0.96747,0.90001,0.18575,0.79477,0.23596,0.89917,0.46446,0.75939,0.46921,0.94874,0.95248,0.89735,0.98092,0.94445,0.83791,0.67248,0.82289,0.94397,0.45113,0.89987,0.99608,0.93756,0.9691,0.99595,0.7679,0.2324
2045 Q3,0.80812,0.99136,0.93541,0.99559,0.99196,0.95653,0.91164,0.47475,0.66314,0.98909,0.96284,0.87628,0.88294,0.77105,0.94947,0.92549,0.99429,0.86584,0.91688,0.14531,0.82616,0.99885,0.92678,0.97029,0.9074,0.19375,0.80768,0.24579,0.9067,0.48096,0.77284,0.48431,0.95304,0.9563,0.90536,0.98273,0.94897,0.84849,0.68858,0.83418,0.94844,0.46576,0.9068,0.99652,0.94236,0.97183,0.99638,0.78004,0.24178
2045 Q4,0.81933,0.99217,0.94059,0.99604,0.99272,0.96019,0.91731,0.48937,0.67873,0.99019,0.96611,0.88489,0.89097,0.78481,0.95356,0.9313,0.99487,0.87399,0.923,0.15076,0.83755,0.99898,0.93231,0.97288,0.9143,0.20201,0.81995,0.25589,0.91372,0.4975,0.78575,0.49945,0.957,0.95983,0.9128,0.98437,0.95313,0.8585,0.70424,0.84487,0.95258,0.48045,0.9133,0.9969,0.94682,0.97433,0.99676,0.79172,0.25142
2046 Q1,0.83003,0.9929,0.94538,0.99645,0.99341,0.96356,0.92264,0.50401,0.69393,0.99119,0.96911,0.89296,0.89851,0.79795,0.95733,0.93668,0.99538,0.88171,0.9287,0.15638,0.84833,0.99909,0.93745,0.97524,0.92073,0.21052,0.83161,0.26627,0.92025,0.51404,0.79812,0.51458,0.96063,0.96308,0.91971,0.98586,0.95697,0.86795,0.71944,0.855,0.95639,0.49517,0.91938,0.99724,0.95095,0.97661,0.9971,0.80294,0.26132
2046 Q2,0.84022,0.99356,0.94981,0.99682,0.99403,0.96665,0.92766,0.51865,0.70872,0.99208,0.97185,0.90054,0.90558,0.81049,0.96081,0.94167,0.99585,0.88902,0.93401,0.16217,0.85851,0.9992,0.94222,0.9774,0.92672,0.2193,0.84266,0.2769,0.92633,0.53056,0.80994,0.52969,0.96397,0.96608,0.92611,0.98721,0.96051,0.87686,0.73415,0.86458,0.95992,0.50991,0.92507,0.99754,0.95478,0.97869,0.99741,0.8137,0.27146
2046 Q3,0.8499,0.99417,0.95389,0.99714,0.9946,0.96948,0.93237,0.53325,0.72308,0.99288,0.97435,0.90763,0.91221,0.82242,0.96401,0.94629,0.99627,0.89593,0.93895,0.16814,0.86812,0.99929,0.94665,0.97938,0.93228,0.22834,0.85311,0.28779,0.93198,0.547,0.82123,0.54475,0.96704,0.96885,0.93204,0.98843,0.96377,0.88524,0.74835,0.87361,0.96317,0.52462,0.93039,0.99781,0.95832,0.98059,0.99768,0.82399,0.28184
2046 Q4,0.8591,0.99471,0.95766,0.99744,0.99511,0.97209,0.9368,0.5478,0.737,0.9936,0.97663,0.91427,0.91841,0.83375,0.96696,0.95056,0.99665,0.90246,0.94354,0.17427,0.87717,0.99937,0.95075,0.98119,0.93746,0.23763,0.86298,0.29894,0.93723,0.56335,0.83199,0.55972,0.96985,0.97139,0.93753,0.98954,0.96677,0.89313,0.76205,0.88212,0.96616,0.53929,0.93536,0.99805,0.96159,0.98232,0.99793,0.83384,0.29246
2047 Q1,0.86782,0.99521,0.96113,0.9977,0.99557,0.97447,0.94096,0.56227,0.75046,0.99425,0.97872,0.92047,0.92422,0.8445,0.96968,0.95451,0.99699,0.90862,0.94781,0.18058,0.88568,0.99944,0.95456,0.98284,0.94226,0.24719,0.87228,0.31033,0.9421,0.57956,0.84222,0.57459,0.97243,0.97373,0.9426,0.99054,0.96953,0.90054,0.77522,0.89014,0.96892,0.5539,0.94,0.99827,0.96462,0.9839,0.99815,0.84323,0.30332
2047 Q2,0.87608,0.99566,0.96432,0.99794,0.99599,0.97666,0.94486,0.57663,0.76345,0.99484,0.98062,0.92626,0.92964,0.85467,0.97218,0.95815,0.99729,0.91442,0.95177,0.18707,0.89367,0.99951,0.95809,0.98435,0.94671,0.257,0.88104,0.32195,0.94661,0.5956,0.85194,0.58932,0.9748,0.97589,0.94729,0.99144,0.97207,0.90748,0.78786,0.89767,0.97146,0.56841,0.94432,0.99846,0.96742,0.98534,0.99834,0.85219,0.31439
2047 Q3,0.8839,0.99607,0.96727,0.99815,0.99637,0.97867,0.94851,0.59086,0.77596,0.99536,0.98236,0.93166,0.9347,0.86429,0.97448,0.96152,0.99757,0.9199,0.95544,0.19374,0.90116,0.99956,0.96135,0.98573,0.95084,0.26705,0.88928,0.3338,0.95079,0.61144,0.86116,0.60389,0.97697,0.97787,0.95161,0.99226,0.9744,0.91399,0.79998,0.90474,0.9738,0.58281,0.94835,0.99863,0.97,0.98666,0.99852,0.86073,0.32569
2047 Q4,0.89128,0.99643,0.96997,0.99835,0.99672,0.9805,0.95194,0.60494,0.788,0.99583,0.98394,0.93669,0.93942,0.87336,0.9766,0.96463,0.99781,0.92505,0.95885,0.20058,0.90819,0.99961,0.96437,0.98699,0.95467,0.27736,0.89701,0.34586,0.95466,0.62704,0.8699,0.61829,0.97895,0.97969,0.95559,0.99301,0.97654,0.92008,0.81157,0.91137,0.97595,0.59706,0.9521,0.99878,0.97238,0.98785,0.99867,0.86884,0.33718
2048 Q1,0.89824,0.99677,0.97246,0.99852,0.99703,0.98218,0.95515,0.61885,0.79956,0.99626,0.98539,0.94138,0.94382,0.88191,0.97854,0.96749,0.99803,0.92989,0.96201,0.20761,0.91475,0.99966,0.96716,0.98814,0.95821,0.28791,0.90426,0.35812,0.95823,0.64239,0.87816,0.63247,0.98077,0.98137,0.95926,0.99368,0.9785,0.92577,0.82264,0.91758,0.97793,0.61116,0.95559,0.99891,0.97458,0.98895,0.99881,0.87655,0.34888
2048 Q2,0.90481,0.99707,0.97475,0.99867,0.99731,0.98372,0.95815,0.63257,0.81064,0.99664,0.9867,0.94573,0.94792,0.88995,0.98032,0.97013,0.99823,0.93444,0.96493,0.21481,0.92089,0.9997,0.96974,0.98919,0.96148,0.29869,0.91105,0.37057,0.96154,0.65745,0.88596,0.64643,0.98243,0.98291,0.96264,0.99429,0.98031,0.93109,0.83319,0.92339,0.97975,0.62507,0.95884,0.99903,0.97661,0.98994,0.99894,0.88387,0.36076
2048 Q3,0.911,0.99735,0.97686,0.99881,0.99757,0.98513,0.96096,0.64608,0.82124,0.99698,0.9879,0.94979,0.95174,0.89751,0.98196,0.97256,0.99841,0.93872,0.96763,0.2222,0.92663,0.99973,0.97212,0.99015,0.96451,0.3097,0.9174,0.3832,0.96459,0.6722,0.89333,0.66015,0.98395,0.98433,0.96574,0.99483,0.98196,0.93605,0.84324,0.92882,0.98143,0.63878,0.96186,0.99914,0.97848,0.99085,0.99905,0.89081,0.37281
2048 Q4,0.91682,0.9976,0.97879,0.99893,0.9978,0.98641,0.96359,0.65936,0.83138,0.99729,0.98899,0.95355,0.95529,0.90461,0.98347,0.9748,0.99857,0.94273,0.97014,0.22976,0.93198,0.99976,0.97432,0.99102,0.96731,0.32093,0.92334,0.39599,0.96741,0.68662,0.90028,0.6736,0.98535,0.98562,0.9686,0.99533,0.98348,0.94068,0.85278,0.9339,0.98296,0.65226,0.96467,0.99923,0.9802,0.99167,0.99915,0.89738,0.38502
2049 Q1,0.92229,0.99782,0.98056,0.99904,0.99801,0.98759,0.96605,0.67239,0.84105,0.99756,0.98998,0.95704,0.95858,0.91127,0.98485,0.97686,0.99872,0.9465,0.97245,0.23751,0.93696,0.99979,0.97635,0.99181,0.96989,0.33237,0.92889,0.40892,0.97002,0.70068,0.90682,0.68677,0.98662,0.98682,0.97123,0.99578,0.98488,0.94499,0.86184,0.93864,0.98437,0.66551,0.96728,0.99932,0.98179,0.99242,0.99924,0.9036,0.39738
2049 Q2,0.92743,0.99803,0.98219,0.99914,0.9982,0.98867,0.96835,0.68516,0.85026,0.99781,0.99089,0.96028,0.96165,0.9175,0.98611,0.97875,0.99885,0.95003,0.97459,0.24543,0.9416,0.99981,0.97822,0.99254,0.97227,0.34402,0.93406,0.42197,0.97242,0.71438,0.91297,0.69965,0.98778,0.98791,0.97364,0.99619,0.98615,0.94901,0.87043,0.94306,0.98567,0.67849,0.9697,0.99939,0.98325,0.99311,0.99932,0.90948,0.40987
2049 Q3,0.93225,0.99821,0.98368,0.99923,0.99837,0.98965,0.97049,0.69766,0.85903,0.99803,0.99171,0.96329,0.9645,0.92333,0.98728,0.9805,0.99896,0.95334,0.97657,0.25352,0.94592,0.99983,0.97995,0.9932,0.97448,0.35585,0.93888,0.43514,0.97463,0.72769,0.91875,0.71222,0.98885,0.98892,0.97586,0.99655,0.98732,0.95275,0.87856,0.94718,0.98686,0.69121,0.97195,0.99946,0.9846,0.99373,0.99939,0.91504,0.42248
2049 Q4,0.93678,0.99838,0.98506,0.99931,0.99852,0.99055,0.9725,0.70987,0.86737,0.99823,0.99246,0.96608,0.96714,0.92878,0.98834,0.9821,0.99907,0.95644,0.9784,0.2618,0.94994,0.99985,0.98154,0.99381,0.97651,0.36787,0.94337,0.4484,0.97667,0.74061,0.92418,0.72447,0.98982,0.98984,0.97789,0.99689,0.9884,0.95622,0.88624,0.95101,0.98795,0.70365,0.97403,0.99952,0.98584,0.9943,0.99946,0.92028,0.43519
2050 Q1,0.94103,0.99853,0.98631,0.99938,0.99866,0.99137,0.97437,0.72178,0.87529,0.99841,0.99315,0.96866,0.96959,0.93387,0.98932,0.98357,0.99916,0.95935,0.98009,0.27024,0.95368,0.99987,0.98301,0.99436,0.97838,0.38004,0.94754,0.46173,0.97855,0.75312,0.92928,0.7364,0.9907,0.99069,0.97976,0.99719,0.98938,0.95946,0.8935,0.95458,0.98896,0.71579,0.97597,0.99957,0.98698,0.99481,0.99952,0.92523,0.44799
2050 Q2,0.945,0.99867,0.98746,0.99944,0.99879,0.99212,0.97612,0.73339,0.88279,0.99858,0.99377,0.97105,0.97187,0.93862,0.99022,0.98493,0.99925,0.96207,0.98164,0.27885,0.95714,0.99988,0.98437,0.99486,0.98011,0.39238,0.95143,0.47512,0.98028,0.76522,0.93405,0.74798,0.99152,0.99146,0.98147,0.99746,0.99028,0.96246,0.90035,0.95791,0.98988,0.72762,0.97776,0.99962,0.98803,0.99528,0.99957,0.92989,0.46085
2050 Q3,0.94872,0.9988,0.98852,0.9995,0.99891,0.99281,0.97775,0.74469,0.88991,0.99872,0.99433,0.97327,0.97397,0.94305,0.99104,0.98617,0.99932,0.96461,0.98308,0.28763,0.96036,0.9999,0.98562,0.99532,0.9817,0.40485,0.95504,0.48854,0.98187,0.7769,0.93853,0.75923,0.99226,0.99218,0.98304,0.9977,0.99111,0.96525,0.9068,0.961,0.99072,0.73915,0.97942,0.99966,0.989,0.99571,0.99961,0.93428,0.47377
2050 Q4,0.95221,0.99891,0.98949,0.99955,0.99901,0.99344,0.97928,0.75567,0.89664,0.99885,0.99485,0.97532,0.97593,0.94718,0.99179,0.98731,0.99939,0.96699,0.98441,0.29657,0.96335,0.99991,0.98676,0.99573,0.98316,0.41744,0.9584,0.50198,0.98334,0.78817,0.94272,0.77012,0.99293,0.99283,0.98448,0.99792,0.99186,0.96783,0.91288,0.96387,0.9915,0.75035,0.98096,0.9997,0.98989,0.9961,0.99965,0.93842,0.48672
2051 Q1,0.95546,0.99901,0.99038,0.9996,0.9991,0.99401,0.9807,0.76632,0.903,0.99897,0.99531,0.97721,0.97774,0.95103,0.99249,0.98836,0.99945,0.96921,0.98564,0.30567,0.96612,0.99992,0.98782,0.99611,0.98451,0.43015,0.96151,0.51542,0.98469,0.79901,0.94664,0.78067,0.99355,0.99343,0.98579,0.99812,0.99255,0.97024,0.91859,0.96653,0.99221,0.76123,0.98239,0.99973,0.99071,0.99645,0.99969,0.94231,0.49969
2051 Q2,0.95851,0.9991,0.99119,0.99964,0.99919,0.99453,0.98202,0.77665,0.90901,0.99907,0.99574,0.97897,0.97942,0.95461,0.99312,0.98932,0.99951,0.97129,0.98677,0.31493,0.96869,0.99993,0.9888,0.99646,0.98576,0.44294,0.9644,0.52883,0.98593,0.80943,0.95031,0.79086,0.99412,0.99398,0.987,0.9983,0.99319,0.97246,0.92396,0.96901,0.99286,0.77177,0.98371,0.99976,0.99146,0.99677,0.99972,0.94597,0.51266
2051 Q3,0.96135,0.99919,0.99194,0.99968,0.99927,0.99501,0.98326,0.78664,0.91469,0.99917,0.99613,0.98059,0.98097,0.95794,0.9937,0.99021,0.99956,0.97323,0.98781,0.32433,0.97106,0.99994,0.9897,0.99677,0.9869,0.45581,0.96708,0.5422,0.98708,0.81943,0.95374,0.8007,0.99463,0.99448,0.98811,0.99847,0.99377,0.97453,0.92901,0.97131,0.99345,0.78199,0.98493,0.99979,0.99215,0.99706,0.99975,0.94941,0.52562
2051 Q4,0.96401,0.99927,0.99262,0.99971,0.99934,0.99544,0.98441,0.79631,0.92004,0.99925,0.99648,0.98208,0.98241,0.96103,0.99423,0.99102,0.9996,0.97504,0.98877,0.33388,0.97327,0.99994,0.99052,0.99706,0.98796,0.46875,0.96956,0.55552,0.98813,0.82902,0.95694,0.81019,0.9951,0.99494,0.98912,0.99862,0.9943,0.97644,0.93374,0.97344,0.994,0.79187,0.98607,0.99981,0.99279,0.99733,0.99978,0.95265,0.53854
2052 Q1,0.96649,0.99933,0.99324,0.99974,0.9994,0.99584,0.98548,0.80565,0.92508,0.99933,0.9968,0.98347,0.98374,0.96391,0.99472,0.99177,0.99964,0.97674,0.98966,0.34357,0.97531,0.99995,0.99128,0.99732,0.98893,0.48172,0.97187,0.56875,0.98909,0.8382,0.95993,0.81933,0.99553,0.99537,0.99005,0.99875,0.99478,0.97821,0.93818,0.97542,0.9945,0.80141,0.98712,0.99983,0.99337,0.99757,0.9998,0.95568,0.55141
2052 Q2,0.96881,0.9994,0.99382,0.99977,0.99946,0.99621,0.98648,0.81465,0.92983,0.9994,0.99709,0.98475,0.98498,0.96658,0.99516,0.99245,0.99968,0.97832,0.99047,0.35339,0.97719,0.99996,0.99198,0.99756,0.98982,0.49472,0.974,0.58189,0.98998,0.84698,0.96272,0.82812,0.99592,0.99575,0.9909,0.99887,0.99523,0.97986,0.94234,0.97725,0.99496,0.81063,0.98809,0.99985,0.99391,0.99779,0.99982,0.95853,0.56421
2052 Q3,0.97097,0.99945,0.99434,0.99979,0.99951,0.99654,0.98742,0.82334,0.9343,0.99946,0.99736,0.98593,0.98612,0.96906,0.99557,0.99308,0.99971,0.9798,0.99123,0.36333,0.97894,0.99996,0.99263,0.99778,0.99064,0.50772,0.97598,0.59491,0.9908,0.85536,0.96532,0.83657,0.99628,0.99611,0.99168,0.99898,0.99563,0.98138,0.94624,0.97895,0.99539,0.81951,0.98899,0.99987,0.99441,0.99799,0.99984,0.9612,0.57692
2052 Q4,0.97298,0.99951,0.99482,0.99981,0.99956,0.99684,0.98829,0.8317,0.93851,0.99951,0.9976,0.98702,0.98717,0.97136,0.99595,0.99365,0.99974,0.98117,0.99192,0.37339,0.98056,0.99997,0.99322,0.99798,0.9914,0.52072,0.97781,0.6078,0.99155,0.86336,0.96775,0.84468,0.99661,0.99644,0.99239,0.99908,0.99601,0.98279,0.94988,0.98053,0.99577,0.82806,0.98982,0.99988,0.99486,0.99817,0.99986,0.96371,0.58953
2053 Q1,0.97486,0.99955,0.99526,0.99983,0.9996,0.99712,0.9891,0.83974,0.94246,0.99956,0.99781,0.98803,0.98815,0.97349,0.99629,0.99418,0.99977,0.98246,0.99256,0.38357,0.98205,0.99997,0.99377,0.99816,0.99209,0.53369,0.9795,0.62054,0.99224,0.87098,0.97001,0.85246,0.9969,0.99673,0.99304,0.99917,0.99635,0.98409,0.95329,0.98199,0.99613,0.83629,0.99059,0.99989,0.99528,0.99834,0.99987,0.96606,0.60203
2053 Q2,0.97661,0.99959,0.99566,0.99985,0.99964,0.99737,0.98985,0.84747,0.94617,0.99961,0.99801,0.98896,0.98905,0.97547,0.9966,0.99466,0.99979,0.98366,0.99315,0.39384,0.98343,0.99997,0.99427,0.99832,0.99273,0.54661,0.98106,0.63311,0.99288,0.87824,0.97212,0.85992,0.99718,0.99701,0.99363,0.99925,0.99666,0.9853,0.95648,0.98334,0.99645,0.8442,0.9913,0.99991,0.99566,0.99849,0.99989,0.96827,0.6144
2053 Q3,0.97824,0.99963,0.99603,0.99987,0.99967,0.9976,0.99055,0.85488,0.94966,0.99965,0.99819,0.98982,0.98988,0.97731,0.99689,0.99511,0.99981,0.98478,0.99369,0.40421,0.98471,0.99998,0.99473,0.99847,0.99332,0.55947,0.98251,0.64551,0.99346,0.88514,0.97408,0.86706,0.99742,0.99726,0.99418,0.99932,0.99694,0.98641,0.95947,0.9846,0.99675,0.8518,0.99196,0.99992,0.99602,0.99863,0.9999,0.97033,0.62662
2053 Q4,0.97976,0.99967,0.99637,0.99988,0.9997,0.99781,0.99121,0.862,0.95293,0.99968,0.99836,0.99061,0.99065,0.97901,0.99715,0.99552,0.99983,0.98582,0.99419,0.41467,0.98589,0.99998,0.99515,0.99861,0.99386,0.57225,0.98385,0.65771,0.99399,0.8917,0.97591,0.87388,0.99765,0.99749,0.99468,0.99939,0.99721,0.98744,0.96225,0.98575,0.99702,0.85908,0.99257,0.99993,0.99634,0.99875,0.99991,0.97227,0.63868
2054 Q1,0.98118,0.9997,0.99668,0.99989,0.99973,0.998,0.99182,0.86882,0.956,0.99972,0.99851,0.99134,0.99137,0.98058,0.99739,0.99589,0.99985,0.98679,0.99465,0.42521,0.98698,0.99998,0.99555,0.99873,0.99436,0.58493,0.98509,0.66971,0.99449,0.89793,0.97761,0.88041,0.99786,0.9977,0.99513,0.99945,0.99744,0.9884,0.96485,0.98683,0.99727,0.86607,0.99313,0.99993,0.99664,0.99887,0.99992,0.97408,0.65056
2054 Q2,0.9825,0.99973,0.99696,0.9999,0.99976,0.99818,0.99238,0.87536,0.95887,0.99975,0.99864,0.99202,0.99203,0.98204,0.99761,0.99623,0.99986,0.9877,0.99508,0.43581,0.98798,0.99998,0.9959,0.99885,0.99482,0.59751,0.98623,0.6815,0.99494,0.90384,0.9792,0.88664,0.99804,0.99789,0.99555,0.9995,0.99766,0.98928,0.96728,0.98782,0.9975,0.87276,0.99365,0.99994,0.99691,0.99897,0.99993,0.97577,0.66227
2054 Q3,0.98373,0.99975,0.99722,0.99991,0.99978,0.99834,0.99291,0.88161,0.96157,0.99977,0.99877,0.99264,0.99264,0.98339,0.99782,0.99655,0.99988,0.98854,0.99547,0.44647,0.98891,0.99999,0.99623,0.99895,0.99524,0.60995,0.98729,0.69305,0.99535,0.90944,0.98068,0.89259,0.99822,0.99807,0.99593,0.99955,0.99786,0.9901,0.96954,0.98874,0.99771,0.87916,0.99413,0.99995,0.99716,0.99906,0.99994,0.97736,0.67377
2054 Q4,0.98487,0.99978,0.99746,0.99992,0.9998,0.99848,0.99341,0.88759,0.9641,0.99979,0.99888,0.99322,0.9932,0.98465,0.998,0.99683,0.99989,0.98933,0.99583,0.45718,0.98977,0.99999,0.99654,0.99904,0.99562,0.62226,0.98827,0.70437,0.99573,0.91475,0.98205,0.89826,0.99837,0.99823,0.99628,0.99959,0.99804,0.99085,0.97166,0.98959,0.9979,0.88528,0.99458,0.99995,0.99739,0.99915,0.99994,0.97885,0.68508
2055 Q1,0.98593,0.9998,0.99767,0.99993,0.99982,0.99861,0.99386,0.8933,0.96646,0.99982,0.99898,0.99375,0.99372,0.9858,0.99817,0.9971,0.9999,0.99007,0.99616,0.46793,0.99056,0.99999,0.99682,0.99913,0.99598,0.6344,0.98917,0.71544,0.99608,0.91977,0.98332,0.90366,0.99852,0.99838,0.9966,0.99963,0.99821,0.99155,0.97363,0.99038,0.99808,0.89113,0.99499,0.99996,0.99761,0.99922,0.99995,0.98024,0.69616
2055 Q2,0.98692,0.99982,0.99787,0.99994,0.99984,0.99874,0.99429,0.89876,0.96868,0.99983,0.99907,0.99423,0.9942,0.98688,0.99832,0.99734,0.99991,0.99075,0.99646,0.47871,0.99129,0.99999,0.99707,0.99921,0.99631,0.64638,0.99001,0.72626,0.9964,0.92452,0.98451,0.9088,0.99865,0.99852,0.99689,0.99967,0.99836,0.9922,0.97546,0.99111,0.99824,0.89672,0.99537,0.99996,0.9978,0.9993,0.99995,0.98154,0.70703
2055 Q3,0.98785,0.99983,0.99805,0.99994,0.99985,0.99885,0.99469,0.90396,0.97075,0.99985,0.99916,0.99468,0.99464,0.98787,0.99847,0.99756,0.99992,0.99139,0.99674,0.48951,0.99197,0.99999,0.99731,0.99928,0.99661,0.65818,0.99078,0.73682,0.9967,0.92901,0.98562,0.9137,0.99877,0.99864,0.99716,0.9997,0.9985,0.99279,0.97718,0.99178,0.99839,0.90205,0.99572,0.99997,0.99798,0.99936,0.99996,0.98276,0.71766
2055 Q4,0.9887,0.99985,0.99822,0.99995,0.99987,0.99895,0.99506,0.90893,0.97269,0.99987,0.99924,0.9951,0.99505,0.98879,0.9986,0.99777,0.99993,0.99198,0.997,0.50032,0.99259,0.99999,0.99753,0.99934,0.99688,0.66979,0.99149,0.74711,0.99697,0.93326,0.98664,0.91836,0.99887,0.99876,0.9974,0.99973,0.99863,0.99334,0.97877,0.9924,0.99852,0.90714,0.99605,0.99997,0.99815,0.99942,0.99996,0.9839,0.72806
2056 Q1,0.9895,0.99986,0.99837,0.99996,0.99988,0.99904,0.9954,0.91367,0.97451,0.99988,0.99931,0.99548,0.99543,0.98964,0.99872,0.99795,0.99994,0.99253,0.99724,0.51113,0.99317,0.99999,0.99773,0.9994,0.99713,0.68119,0.99215,0.75713,0.99722,0.93726,0.9876,0.92278,0.99897,0.99886,0.99763,0.99975,0.99875,0.99385,0.98026,0.99298,0.99865,0.91199,0.99635,0.99997,0.9983,0.99947,0.99997,0.98496,0.73821
2056 Q2,0.99024,0.99988,0.99851,0.99996,0.99989,0.99912,0.99572,0.91818,0.9762,0.99989,0.99937,0.99584,0.99578,0.99042,0.99882,0.99812,0.99994,0.99305,0.99746,0.52193,0.9937,0.99999,0.99791,0.99945,0.99737,0.69238,0.99275,0.76688,0.99745,0.94105,0.98848,0.92699,0.99906,0.99896,0.99783,0.99978,0.99886,0.99432,0.98164,0.99351,0.99876,0.9166,0.99663,0.99998,0.99844,0.99952,0.99997,0.98595,0.74811
2056 Q3,0.99093,0.99989,0.99863,0.99996,0.9999,0.9992,0.99602,0.92247,0.97779,0.9999,0.99943,0.99616,0.99611,0.99115,0.99892,0.99828,0.99995,0.99353,0.99766,0.53271,0.99419,0.99999,0.99808,0.9995,0.99758,0.70335,0.99332,0.77636,0.99766,0.94461,0.98931,0.93098,0.99915,0.99904,0.99802,0.9998,0.99895,0.99476,0.98293,0.994,0.99887,0.921,0.99688,0.99998,0.99856,0.99956,0.99997,0.98688,0.75777
2056 Q4,0.99157,0.9999,0.99875,0.99997,0.99991,0.99927,0.9963,0.92656,0.97927,0.99991,0.99948,0.99646,0.9964,0.99182,0.99902,0.99842,0.99995,0.99398,0.99785,0.54346,0.99464,1,0.99824,0.99955,0.99778,0.71409,0.99383,0.78555,0.99785,0.94798,0.99007,0.93478,0.99922,0.99912,0.99819,0.99982,0.99904,0.99516,0.98413,0.99446,0.99896,0.92518,0.99712,0.99998,0.99868,0.9996,0.99998,0.98775,0.76716
2057 Q1,0.99217,0.99991,0.99886,0.99997,0.99992,0.99934,0.99655,0.93045,0.98066,0.99992,0.99953,0.99674,0.99668,0.99244,0.9991,0.99856,0.99996,0.99439,0.99802,0.55417,0.99506,1,0.99838,0.99959,0.99796,0.72459,0.99431,0.79447,0.99803,0.95115,0.99078,0.93837,0.99929,0.9992,0.99834,0.99984,0.99913,0.99553,0.98525,0.99488,0.99905,0.92916,0.99734,0.99998,0.99879,0.99964,0.99998,0.98856,0.7763
2057 Q2,0.99272,0.99992,0.99895,0.99997,0.99993,0.99939,0.99679,0.93414,0.98195,0.99993,0.99957,0.997,0.99694,0.99302,0.99917,0.99868,0.99996,0.99478,0.99818,0.56483,0.99544,1,0.99851,0.99962,0.99812,0.73485,0.99475,0.80311,0.99819,0.95413,0.99144,0.94178,0.99935,0.99926,0.99849,0.99985,0.9992,0.99587,0.98629,0.99527,0.99913,0.93294,0.99754,0.99999,0.99889,0.99967,0.99998,0.98932,0.78519
2057 Q3,0.99324,0.99992,0.99904,0.99998,0.99993,0.99945,0.99702,0.93766,0.98316,0.99994,0.99961,0.99723,0.99717,0.99355,0.99924,0.99879,0.99997,0.99514,0.99832,0.57543,0.9958,1,0.99863,0.99966,0.99828,0.74487,0.99516,0.81148,0.99834,0.95694,0.99206,0.94502,0.99941,0.99933,0.99862,0.99987,0.99927,0.99619,0.98725,0.99563,0.9992,0.93654,0.99773,0.99999,0.99898,0.9997,0.99998,0.99003,0.79381
2057 Q4,0.99372,0.99993,0.99913,0.99998,0.99994,0.9995,0.99723,0.94099,0.98429,0.99994,0.99964,0.99745,0.99739,0.99404,0.99931,0.99889,0.99997,0.99548,0.99846,0.58596,0.99613,1,0.99874,0.99969,0.99842,0.75463,0.99553,0.81956,0.99847,0.95959,0.99263,0.94808,0.99946,0.99938,0.99874,0.99988,0.99933,0.99648,0.98815,0.99596,0.99927,0.93995,0.9979,0.99999,0.99906,0.99973,0.99998,0.99069,0.80218
2058 Q1,0.99416,0.99994,0.9992,0.99998,0.99995,0.99954,0.99742,0.94416,0.98535,0.99995,0.99968,0.99765,0.99759,0.99449,0.99937,0.99898,0.99997,0.99579,0.99858,0.59641,0.99643,1,0.99884,0.99972,0.99855,0.76413,0.99588,0.82738,0.9986,0.96208,0.99316,0.95098,0.99951,0.99943,0.99884,0.99989,0.99939,0.99675,0.98899,0.99627,0.99933,0.94319,0.99806,0.99999,0.99914,0.99975,0.99999,0.99131,0.81028
2058 Q2,0.99458,0.99994,0.99927,0.99998,0.99995,0.99958,0.9976,0.94717,0.98633,0.99995,0.99971,0.99783,0.99777,0.99491,0.99942,0.99907,0.99998,0.99608,0.99869,0.60678,0.99671,1,0.99894,0.99974,0.99866,0.77338,0.9962,0.83492,0.99871,0.96442,0.99365,0.95373,0.99955,0.99948,0.99894,0.9999,0.99944,0.997,0.98977,0.99655,0.99939,0.94627,0.99821,0.99999,0.99921,0.99978,0.99999,0.99189,0.81813
2058 Q3,0.99496,0.99995,0.99933,0.99998,0.99996,0.99962,0.99777,0.95003,0.98725,0.99996,0.99973,0.998,0.99794,0.9953,0.99947,0.99914,0.99998,0.99635,0.9988,0.61705,0.99696,1,0.99902,0.99976,0.99877,0.78237,0.99649,0.8422,0.99882,0.96662,0.99411,0.95633,0.99959,0.99953,0.99903,0.99991,0.99949,0.99723,0.99049,0.99682,0.99944,0.94919,0.99835,0.99999,0.99927,0.9998,0.99999,0.99243,0.82573
2058 Q4,0.99532,0.99995,0.99939,0.99999,0.99996,0.99965,0.99792,0.95274,0.98811,0.99996,0.99976,0.99816,0.9981,0.99566,0.99952,0.99922,0.99998,0.99661,0.99889,0.62721,0.9972,1,0.9991,0.99979,0.99887,0.7911,0.99677,0.84922,0.99892,0.9687,0.99453,0.95879,0.99963,0.99957,0.99912,0.99992,0.99953,0.99744,0.99116,0.99706,0.99949,0.95196,0.99847,0.99999,0.99933,0.99981,0.99999,0.99294,0.83307
2059 Q1,0.99565,0.99996,0.99944,0.99999,0.99996,0.99968,0.99807,0.95531,0.98891,0.99997,0.99978,0.9983,0.99825,0.99599,0.99956,0.99928,0.99998,0.99684,0.99898,0.63727,0.99742,1,0.99917,0.99981,0.99896,0.79956,0.99702,0.85597,0.99901,0.97064,0.99492,0.96112,0.99966,0.9996,0.99919,0.99993,0.99957,0.99764,0.99179,0.99728,0.99953,0.95458,0.99859,0.99999,0.99939,0.99983,0.99999,0.99341,0.84016
2059 Q2,0.99596,0.99996,0.99949,0.99999,0.99997,0.99971,0.9982,0.95774,0.98966,0.99997,0.9998,0.99844,0.99838,0.99629,0.99959,0.99934,0.99998,0.99706,0.99906,0.6472,0.99762,1,0.99924,0.99982,0.99905,0.80777,0.99725,0.86247,0.99909,0.97247,0.99529,0.96332,0.99969,0.99964,0.99926,0.99993,0.99961,0.99782,0.99237,0.99749,0.99957,0.95707,0.9987,0.99999,0.99944,0.99985,0.99999,0.99385,0.84701
2059 Q3,0.99625,0.99997,0.99953,0.99999,0.99997,0.99973,0.99833,0.96005,0.99036,0.99997,0.99982,0.99856,0.99851,0.99658,0.99963,0.9994,0.99999,0.99726,0.99914,0.65702,0.99781,1,0.9993,0.99984,0.99913,0.81572,0.99746,0.86873,0.99916,0.97419,0.99563,0.9654,0.99972,0.99967,0.99933,0.99994,0.99964,0.99799,0.99291,0.99768,0.9996,0.95943,0.9988,0.99999,0.99948,0.99986,0.99999,0.99426,0.85361
2059 Q4,0.99652,0.99997,0.99957,0.99999,0.99997,0.99976,0.99844,0.96224,0.99101,0.99998,0.99983,0.99867,0.99862,0.99684,0.99966,0.99945,0.99999,0.99745,0.99921,0.66669,0.99798,1,0.99936,0.99985,0.9992,0.82341,0.99766,0.87474,0.99923,0.9758,0.99594,0.96737,0.99974,0.99969,0.99938,0.99995,0.99967,0.99814,0.99341,0.99786,0.99964,0.96166,0.99889,1,0.99953,0.99987,0.99999,0.99464,0.85998
2060 Q1,0.99676,0.99997,0.99961,0.99999,0.99998,0.99978,0.99855,0.96431,0.99162,0.99998,0.99985,0.99878,0.99873,0.99708,0.99969,0.99949,0.99999,0.99763,0.99927,0.67623,0.99813,1,0.99941,0.99987,0.99926,0.83085,0.99784,0.88051,0.99929,0.97732,0.99624,0.96922,0.99976,0.99972,0.99944,0.99995,0.9997,0.99828,0.99388,0.99802,0.99967,0.96377,0.99897,1,0.99956,0.99988,0.99999,0.995,0.86611
2060 Q2,0.99699,0.99997,0.99964,0.99999,0.99998,0.9998,0.99865,0.96627,0.99219,0.99998,0.99986,0.99887,0.99883,0.9973,0.99972,0.99954,0.99999,0.99779,0.99933,0.68563,0.99828,1,0.99946,0.99988,0.99932,0.83804,0.99801,0.88605,0.99935,0.97874,0.99651,0.97098,0.99979,0.99974,0.99949,0.99996,0.99973,0.99842,0.99432,0.99817,0.9997,0.96578,0.99905,1,0.9996,0.9999,1,0.99533,0.87202
2060 Q3,0.99721,0.99998,0.99967,0.99999,0.99998,0.99982,0.99875,0.96813,0.99272,0.99998,0.99988,0.99896,0.99892,0.99751,0.99974,0.99957,0.99999,0.99795,0.99938,0.69488,0.99841,1,0.9995,0.99989,0.99938,0.84498,0.99816,0.89137,0.99941,0.98007,0.99676,0.97264,0.9998,0.99977,0.99953,0.99996,0.99975,0.99854,0.99472,0.99831,0.99972,0.96767,0.99912,1,0.99963,0.9999,1,0.99564,0.8777
2060 Q4,0.99741,0.99998,0.9997,0.99999,0.99998,0.99983,0.99884,0.96989,0.99321,0.99998,0.99989,0.99904,0.999,0.9977,0.99976,0.99961,0.99999,0.99809,0.99943,0.70397,0.99854,1,0.99954,0.9999,0.99943,0.85167,0.99831,0.89647,0.99946,0.98133,0.99699,0.97421,0.99982,0.99978,0.99957,0.99996,0.99977,0.99865,0.9951,0.99844,0.99975,0.96947,0.99919,1,0.99966,0.99991,1,0.99593,0.88316
2061 Q1,0.99759,0.99998,0.99973,0.99999,0.99998,0.99985,0.99892,0.97155,0.99367,0.99999,0.9999,0.99912,0.99908,0.99787,0.99978,0.99964,0.99999,0.99822,0.99948,0.7129,0.99865,1,0.99958,0.99991,0.99948,0.85812,0.99844,0.90135,0.9995,0.9825,0.99721,0.97568,0.99984,0.9998,0.99961,0.99997,0.99979,0.99875,0.99544,0.99856,0.99977,0.97116,0.99925,1,0.99969,0.99992,1,0.99621,0.88841
2061 Q2,0.99776,0.99998,0.99975,1,0.99999,0.99986,0.99899,0.97313,0.9941,0.99999,0.99991,0.99919,0.99915,0.99804,0.9998,0.99967,0.99999,0.99835,0.99952,0.72167,0.99876,1,0.99961,0.99992,0.99952,0.86434,0.99856,0.90603,0.99954,0.9836,0.99741,0.97708,0.99985,0.99982,0.99964,0.99997,0.99981,0.99885,0.99577,0.99867,0.99979,0.97277,0.99931,1,0.99972,0.99993,1,0.99646,0.89345
2061 Q3,0.99792,0.99998,0.99977,1,0.99999,0.99987,0.99906,0.97462,0.9945,0.99999,0.99992,0.99925,0.99921,0.99819,0.99982,0.9997,0.99999,0.99846,0.99956,0.73027,0.99885,1,0.99964,0.99992,0.99956,0.87032,0.99867,0.91051,0.99958,0.98464,0.9976,0.9784,0.99986,0.99983,0.99967,0.99997,0.99983,0.99894,0.99607,0.99877,0.9998,0.97429,0.99936,1,0.99974,0.99993,1,0.9967,0.89829
2061 Q4,0.99807,0.99999,0.99979,1,0.99999,0.99988,0.99913,0.97603,0.99487,0.99999,0.99992,0.99931,0.99927,0.99833,0.99983,0.99973,0.99999,0.99857,0.99959,0.73871,0.99894,1,0.99967,0.99993,0.99959,0.87608,0.99877,0.9148,0.99961,0.98561,0.99777,0.97964,0.99988,0.99985,0.9997,0.99998,0.99984,0.99902,0.99635,0.99886,0.99982,0.97572,0.99941,1,0.99976,0.99994,1,0.99692,0.90294
2062 Q1,0.99821,0.99999,0.99981,1,0.99999,0.99989,0.99919,0.97736,0.99522,0.99999,0.99993,0.99936,0.99933,0.99845,0.99985,0.99975,1,0.99867,0.99962,0.74697,0.99903,1,0.9997,0.99994,0.99963,0.88162,0.99887,0.9189,0.99965,0.98652,0.99793,0.98081,0.99989,0.99986,0.99973,0.99998,0.99985,0.9991,0.99661,0.99895,0.99984,0.97708,0.99945,1,0.99978,0.99995,1,0.99712,0.90739
2062 Q2,0.99833,0.99999,0.99982,1,0.99999,0.9999,0.99925,0.97862,0.99554,0.99999,0.99994,0.99941,0.99938,0.99857,0.99986,0.99977,1,0.99876,0.99965,0.75505,0.9991,1,0.99972,0.99994,0.99966,0.88695,0.99896,0.92281,0.99967,0.98737,0.99808,0.98192,0.9999,0.99987,0.99975,0.99998,0.99987,0.99916,0.99685,0.99903,0.99985,0.97836,0.9995,1,0.9998,0.99995,1,0.99732,0.91166
2062 Q3,0.99845,0.99999,0.99984,1,0.99999,0.99991,0.9993,0.97981,0.99585,0.99999,0.99994,0.99946,0.99943,0.99868,0.99987,0.99979,1,0.99885,0.99968,0.76296,0.99917,1,0.99975,0.99995,0.99968,0.89206,0.99904,0.92656,0.9997,0.98817,0.99822,0.98297,0.99991,0.99988,0.99977,0.99998,0.99988,0.99923,0.99707,0.9991,0.99986,0.97958,0.99953,1,0.99981,0.99996,1,0.99749,0.91575
2062 Q4,0.99856,0.99999,0.99985,1,0.99999,0.99992,0.99935,0.98094,0.99613,0.99999,0.99995,0.9995,0.99947,0.99878,0.99988,0.99981,1,0.99893,0.99971,0.7707,0.99924,1,0.99977,0.99995,0.99971,0.89697,0.99911,0.93013,0.99973,0.98892,0.99835,0.98395,0.99991,0.99989,0.99979,0.99998,0.99989,0.99929,0.99728,0.99917,0.99987,0.98072,0.99957,1,0.99983,0.99996,1,0.99766,0.91967
2063 Q1,0.99867,0.99999,0.99987,1,0.99999,0.99993,0.99939,0.982,0.99639,0.99999,0.99995,0.99954,0.99951,0.99888,0.99989,0.99982,1,0.999,0.99973,0.77825,0.9993,1,0.99979,0.99996,0.99973,0.90168,0.99918,0.93355,0.99975,0.98962,0.99847,0.98488,0.99992,0.9999,0.99981,0.99999,0.9999,0.99934,0.99748,0.99924,0.99988,0.98181,0.9996,1,0.99984,0.99996,1,0.99782,0.92342
2063 Q2,0.99876,0.99999,0.99988,1,0.99999,0.99993,0.99944,0.98301,0.99664,0.99999,0.99996,0.99958,0.99955,0.99896,0.9999,0.99984,1,0.99907,0.99975,0.78562,0.99935,1,0.9998,0.99996,0.99976,0.90619,0.99925,0.93681,0.99977,0.99028,0.99858,0.98576,0.99993,0.99991,0.99983,0.99999,0.99991,0.99939,0.99766,0.99929,0.99989,0.98283,0.99963,1,0.99986,0.99997,1,0.99796,0.92701
2063 Q3,0.99885,0.99999,0.99989,1,0.99999,0.99994,0.99947,0.98396,0.99687,1,0.99996,0.99961,0.99959,0.99904,0.99991,0.99985,1,0.99913,0.99977,0.79282,0.9994,1,0.99982,0.99996,0.99978,0.91052,0.9993,0.93992,0.99979,0.9909,0.99868,0.98658,0.99994,0.99992,0.99984,0.99999,0.99991,0.99944,0.99782,0.99935,0.9999,0.9838,0.99966,1,0.99987,0.99997,1,0.9981,0.93044
2063 Q4,0.99893,0.99999,0.9999,1,0.99999,0.99994,0.99951,0.98486,0.99708,1,0.99996,0.99964,0.99962,0.99911,0.99992,0.99986,1,0.99919,0.99979,0.79983,0.99945,1,0.99983,0.99997,0.99979,0.91467,0.99936,0.94288,0.99981,0.99147,0.99878,0.98736,0.99994,0.99993,0.99985,0.99999,0.99992,0.99948,0.99798,0.9994,0.99991,0.98471,0.99969,1,0.99988,0.99997,1,0.99823,0.93373
2064 Q1,0.99901,0.99999,0.99991,1,1,0.99995,0.99955,0.98571,0.99728,1,0.99997,0.99967,0.99965,0.99918,0.99992,0.99987,1,0.99925,0.99981,0.80667,0.99949,1,0.99985,0.99997,0.99981,0.91865,0.99941,0.94571,0.99982,0.99202,0.99886,0.98809,0.99995,0.99993,0.99987,0.99999,0.99993,0.99952,0.99812,0.99944,0.99992,0.98557,0.99971,1,0.99989,0.99997,1,0.99835,0.93687
2064 Q2,0.99908,0.99999,0.99991,1,1,0.99995,0.99958,0.98651,0.99746,1,0.99997,0.9997,0.99967,0.99924,0.99993,0.99989,1,0.9993,0.99982,0.81332,0.99953,1,0.99986,0.99997,0.99983,0.92245,0.99945,0.9484,0.99984,0.99252,0.99895,0.98879,0.99995,0.99994,0.99988,0.99999,0.99993,0.99956,0.99826,0.99949,0.99993,0.98639,0.99973,1,0.9999,0.99998,1,0.99846,0.93987
2064 Q3,0.99914,1,0.99992,1,1,0.99996,0.99961,0.98727,0.99764,1,0.99997,0.99972,0.9997,0.9993,0.99994,0.99989,1,0.99935,0.99984,0.8198,0.99957,1,0.99987,0.99998,0.99984,0.92609,0.9995,0.95097,0.99985,0.993,0.99902,0.98944,0.99996,0.99994,0.99989,0.99999,0.99994,0.99959,0.99838,0.99953,0.99993,0.98716,0.99975,1,0.99991,0.99998,1,0.99856,0.94274
2064 Q4,0.9992,1,0.99993,1,1,0.99996,0.99963,0.98798,0.9978,1,0.99998,0.99974,0.99972,0.99936,0.99994,0.9999,1,0.9994,0.99985,0.8261,0.9996,1,0.99988,0.99998,0.99985,0.92957,0.99954,0.95342,0.99986,0.99344,0.99909,0.99005,0.99996,0.99995,0.9999,0.99999,0.99995,0.99962,0.9985,0.99956,0.99994,0.98788,0.99977,1,0.99991,0.99998,1,0.99866,0.94547
2065 Q1,0.99926,1,0.99993,1,1,0.99996,0.99966,0.98866,0.99795,1,0.99998,0.99976,0.99974,0.9994,0.99995,0.99991,1,0.99944,0.99986,0.83223,0.99963,1,0.99989,0.99998,0.99987,0.93291,0.99957,0.95575,0.99987,0.99386,0.99916,0.99063,0.99996,0.99995,0.99991,0.99999,0.99995,0.99965,0.9986,0.9996,0.99994,0.98857,0.99979,1,0.99992,0.99998,1,0.99875,0.94809
2065 Q2,0.99931,1,0.99994,1,1,0.99997,0.99968,0.9893,0.99809,1,0.99998,0.99978,0.99976,0.99945,0.99995,0.99992,1,0.99948,0.99987,0.83818,0.99966,1,0.9999,0.99998,0.99988,0.93609,0.99961,0.95797,0.99988,0.99425,0.99922,0.99118,0.99997,0.99996,0.99992,0.99999,0.99995,0.99968,0.9987,0.99963,0.99995,0.98921,0.99981,1,0.99993,0.99998,1,0.99883,0.95058
2065 Q3,0.99936,1,0.99994,1,1,0.99997,0.99971,0.9899,0.99822,1,0.99998,0.9998,0.99978,0.99949,0.99996,0.99993,1,0.99951,0.99988,0.84396,0.99969,1,0.99991,0.99998,0.99989,0.93913,0.99964,0.96008,0.99989,0.99462,0.99928,0.99169,0.99997,0.99996,0.99992,0.99999,0.99996,0.9997,0.9988,0.99965,0.99995,0.98983,0.99982,1,0.99993,0.99999,1,0.99891,0.95297
2065 Q4,0.99941,1,0.99995,1,1,0.99997,0.99973,0.99047,0.99834,1,0.99998,0.99981,0.9998,0.99953,0.99996,0.99993,1,0.99955,0.99989,0.84957,0.99971,1,0.99992,0.99998,0.9999,0.94204,0.99966,0.96209,0.9999,0.99496,0.99933,0.99218,0.99997,0.99996,0.99993,1,0.99996,0.99973,0.99888,0.99968,0.99996,0.9904,0.99983,1,0.99994,0.99999,1,0.99898,0.95524
2066 Q1,0.99945,1,0.99995,1,1,0.99998,0.99975,0.99101,0.99845,1,0.99998,0.99983,0.99981,0.99957,0.99996,0.99994,1,0.99958,0.9999,0.85501,0.99974,1,0.99992,0.99999,0.9999,0.94482,0.99969,0.964,0.99991,0.99528,0.99938,0.99263,0.99997,0.99997,0.99994,1,0.99997,0.99975,0.99896,0.99971,0.99996,0.99095,0.99985,1,0.99994,0.99999,1,0.99905,0.95741
2066 Q2,0.99949,1,0.99996,1,1,0.99998,0.99976,0.99152,0.99856,1,0.99999,0.99984,0.99983,0.9996,0.99997,0.99994,1,0.99961,0.99991,0.86029,0.99976,1,0.99993,0.99999,0.99991,0.94747,0.99971,0.96582,0.99992,0.99558,0.99942,0.99306,0.99998,0.99997,0.99994,1,0.99997,0.99977,0.99904,0.99973,0.99996,0.99146,0.99986,1,0.99995,0.99999,1,0.99911,0.95947
2066 Q3,0.99953,1,0.99996,1,1,0.99998,0.99978,0.99199,0.99865,1,0.99999,0.99985,0.99984,0.99963,0.99997,0.99995,1,0.99963,0.99992,0.86541,0.99978,1,0.99993,0.99999,0.99992,0.95,0.99974,0.96756,0.99992,0.99587,0.99946,0.99347,0.99998,0.99997,0.99995,1,0.99997,0.99979,0.9991,0.99975,0.99997,0.99195,0.99987,1,0.99995,0.99999,1,0.99917,0.96144
2066 Q4,0.99956,1,0.99996,1,1,0.99998,0.9998,0.99245,0.99875,1,0.99999,0.99987,0.99985,0.99966,0.99997,0.99995,1,0.99966,0.99992,0.87037,0.99979,1,0.99994,0.99999,0.99993,0.95241,0.99976,0.9692,0.99993,0.99613,0.9995,0.99385,0.99998,0.99997,0.99995,1,0.99997,0.9998,0.99917,0.99977,0.99997,0.9924,0.99988,1,0.99996,0.99999,1,0.99923,0.96332
2067 Q1,0.99959,1,0.99997,1,1,0.99998,0.99981,0.99287,0.99883,1,0.99999,0.99988,0.99986,0.99969,0.99997,0.99996,1,0.99968,0.99993,0.87517,0.99981,1,0.99994,0.99999,0.99993,0.95471,0.99978,0.97077,0.99994,0.99638,0.99954,0.99421,0.99998,0.99998,0.99995,1,0.99998,0.99982,0.99923,0.99979,0.99997,0.99283,0.99989,1,0.99996,0.99999,1,0.99928,0.96511
2067 Q2,0.99962,1,0.99997,1,1,0.99998,0.99982,0.99328,0.99891,1,0.99999,0.99989,0.99988,0.99971,0.99998,0.99996,1,0.99971,0.99993,0.87982,0.99982,1,0.99995,0.99999,0.99994,0.95691,0.99979,0.97225,0.99994,0.99661,0.99957,0.99455,0.99998,0.99998,0.99996,1,0.99998,0.99983,0.99928,0.9998,0.99997,0.99324,0.9999,1,0.99996,0.99999,1,0.99933,0.96682
2067 Q3,0.99965,1,0.99997,1,1,0.99999,0.99984,0.99366,0.99899,1,0.99999,0.99989,0.99988,0.99973,0.99998,0.99996,1,0.99973,0.99994,0.88432,0.99984,1,0.99995,0.99999,0.99994,0.95901,0.99981,0.97367,0.99995,0.99682,0.9996,0.99487,0.99999,0.99998,0.99996,1,0.99998,0.99984,0.99933,0.99982,0.99998,0.99363,0.9999,1,0.99997,0.99999,1,0.99937,0.96844
2067 Q4,0.99967,1,0.99998,1,1,0.99999,0.99985,0.99401,0.99905,1,0.99999,0.9999,0.99989,0.99975,0.99998,0.99997,1,0.99975,0.99994,0.88867,0.99985,1,0.99996,0.99999,0.99995,0.961,0.99982,0.97501,0.99995,0.99703,0.99963,0.99517,0.99999,0.99998,0.99997,1,0.99998,0.99986,0.99938,0.99983,0.99998,0.99399,0.99991,1,0.99997,0.99999,1,0.99942,0.96999
2068 Q1,0.9997,1,0.99998,1,1,0.99999,0.99986,0.99435,0.99912,1,0.99999,0.99991,0.9999,0.99977,0.99998,0.99997,1,0.99976,0.99995,0.89288,0.99986,1,0.99996,0.99999,0.99995,0.96291,0.99984,0.97629,0.99995,0.99722,0.99966,0.99545,0.99999,0.99998,0.99997,1,0.99998,0.99987,0.99943,0.99984,0.99998,0.99433,0.99992,1,0.99997,0.99999,1,0.99946,0.97146
2068 Q2,0.99972,1,0.99998,1,1,0.99999,0.99987,0.99467,0.99918,1,0.99999,0.99992,0.99991,0.99979,0.99998,0.99997,1,0.99978,0.99995,0.89694,0.99987,1,0.99996,0.99999,0.99996,0.96472,0.99985,0.9775,0.99996,0.99739,0.99968,0.99571,0.99999,0.99998,0.99997,1,0.99998,0.99988,0.99947,0.99986,0.99998,0.99465,0.99993,1,0.99997,1,1,0.99949,0.97287
2068 Q3,0.99974,1,0.99998,1,1,0.99999,0.99988,0.99497,0.99923,1,0.99999,0.99992,0.99992,0.9998,0.99998,0.99997,1,0.99979,0.99996,0.90087,0.99988,1,0.99997,0.99999,0.99996,0.96645,0.99986,0.97866,0.99996,0.99756,0.99971,0.99597,0.99999,0.99999,0.99997,1,0.99999,0.99989,0.9995,0.99987,0.99998,0.99496,0.99993,1,0.99998,1,1,0.99953,0.97421
2068 Q4,0.99976,1,0.99998,1,1,0.99999,0.99989,0.99526,0.99929,1,0.99999,0.99993,0.99992,0.99982,0.99999,0.99998,1,0.99981,0.99996,0.90467,0.99989,1,0.99997,0.99999,0.99996,0.9681,0.99987,0.97975,0.99997,0.99772,0.99973,0.9962,0.99999,0.99999,0.99998,1,0.99999,0.9999,0.99954,0.99988,0.99998,0.99525,0.99994,1,0.99998,1,1,0.99956,0.97548
2069 Q1,0.99977,1,0.99998,1,1,0.99999,0.99989,0.99553,0.99934,1,1,0.99994,0.99993,0.99983,0.99999,0.99998,1,0.99982,0.99996,0.90833,0.9999,1,0.99997,1,0.99997,0.96966,0.99988,0.98079,0.99997,0.99786,0.99975,0.99642,0.99999,0.99999,0.99998,1,0.99999,0.9999,0.99957,0.99989,0.99999,0.99552,0.99994,1,0.99998,1,1,0.99959,0.97669
2069 Q2,0.99979,1,0.99999,1,1,0.99999,0.9999,0.99578,0.99938,1,1,0.99994,0.99993,0.99985,0.99999,0.99998,1,0.99983,0.99997,0.91187,0.99991,1,0.99997,1,0.99997,0.97116,0.99989,0.98178,0.99997,0.998,0.99977,0.99663,0.99999,0.99999,0.99998,1,0.99999,0.99991,0.9996,0.9999,0.99999,0.99577,0.99995,1,0.99998,1,1,0.99961,0.97784
2069 Q3,0.9998,1,0.99999,1,1,0.99999,0.99991,0.99602,0.99942,1,1,0.99995,0.99994,0.99986,0.99999,0.99998,1,0.99985,0.99997,0.91529,0.99992,1,0.99998,1,0.99997,0.97258,0.9999,0.98271,0.99997,0.99813,0.99978,0.99683,0.99999,0.99999,0.99998,1,0.99999,0.99992,0.99963,0.9999,0.99999,0.99601,0.99995,1,0.99998,1,1,0.99964,0.97894
2069 Q4,0.99982,1,0.99999,1,1,0.99999,0.99991,0.99625,0.99946,1,1,0.99995,0.99994,0.99987,0.99999,0.99998,1,0.99986,0.99997,0.91858,0.99992,1,0.99998,1,0.99997,0.97393,0.99991,0.9836,0.99998,0.99825,0.9998,0.99702,0.99999,0.99999,0.99998,1,0.99999,0.99992,0.99966,0.99991,0.99999,0.99624,0.99995,1,0.99998,1,1,0.99966,0.97998
2070 Q1,0.99983,1,0.99999,1,1,0.99999,0.99992,0.99646,0.9995,1,1,0.99995,0.99995,0.99988,0.99999,0.99998,1,0.99987,0.99997,0.92176,0.99993,1,0.99998,1,0.99998,0.97522,0.99992,0.98445,0.99998,0.99836,0.99981,0.99719,0.99999,0.99999,0.99998,1,0.99999,0.99993,0.99968,0.99992,0.99999,0.99645,0.99996,1,0.99999,1,1,0.99969,0.98098
2070 Q2,0.99984,1,0.99999,1,1,0.99999,0.99993,0.99666,0.99953,1,1,0.99996,0.99995,0.99989,0.99999,0.99999,1,0.99988,0.99998,0.92482,0.99993,1,0.99998,1,0.99998,0.97645,0.99992,0.98525,0.99998,0.99846,0.99983,0.99736,0.99999,0.99999,0.99999,1,0.99999,0.99994,0.9997,0.99992,0.99999,0.99666,0.99996,1,0.99999,1,1,0.99971,0.98192
2070 Q3,0.99985,1,0.99999,1,1,1,0.99993,0.99685,0.99956,1,1,0.99996,0.99996,0.9999,0.99999,0.99999,1,0.99988,0.99998,0.92777,0.99994,1,0.99998,1,0.99998,0.97762,0.99993,0.98601,0.99998,0.99856,0.99984,0.99751,1,0.99999,0.99999,1,0.99999,0.99994,0.99973,0.99993,0.99999,0.99685,0.99996,1,0.99999,1,1,0.99973,0.98282
2070 Q4,0.99987,1,0.99999,1,1,1,0.99994,0.99703,0.99959,1,1,0.99996,0.99996,0.9999,0.99999,0.99999,1,0.99989,0.99998,0.93062,0.99994,1,0.99998,1,0.99998,0.97873,0.99993,0.98674,0.99998,0.99865,0.99985,0.99766,1,0.99999,0.99999,1,0.99999,0.99995,0.99975,0.99993,0.99999,0.99703,0.99997,1,0.99999,1,1,0.99975,0.98367
2071 Q1,0.99987,1,0.99999,1,1,1,0.99994,0.9972,0.99962,1,1,0.99997,0.99996,0.99991,0.99999,0.99999,1,0.9999,0.99998,0.93336,0.99995,1,0.99999,1,0.99998,0.97978,0.99994,0.98742,0.99998,0.99874,0.99986,0.99779,1,0.99999,0.99999,1,0.99999,0.99995,0.99976,0.99994,0.99999,0.9972,0.99997,1,0.99999,1,1,0.99976,0.98449
2071 Q2,0.99988,1,0.99999,1,1,1,0.99994,0.99736,0.99965,1,1,0.99997,0.99997,0.99992,0.99999,0.99999,1,0.99991,0.99998,0.936,0.99995,1,0.99999,1,0.99998,0.98079,0.99994,0.98807,0.99999,0.99882,0.99987,0.99792,1,0.99999,0.99999,1,0.99999,0.99995,0.99978,0.99994,0.99999,0.99736,0.99997,1,0.99999,1,1,0.99978,0.98526
2071 Q3,0.99989,1,0.99999,1,1,1,0.99995,0.99751,0.99967,1,1,0.99997,0.99997,0.99992,0.99999,0.99999,1,0.99991,0.99998,0.93854,0.99996,1,0.99999,1,0.99999,0.98174,0.99995,0.98869,0.99999,0.9989,0.99988,0.99805,1,1,0.99999,1,1,0.99996,0.9998,0.99995,0.99999,0.99751,0.99997,1,0.99999,1,1,0.99979,0.98599
2071 Q4,0.9999,1,0.99999,1,1,1,0.99995,0.99765,0.99969,1,1,0.99997,0.99997,0.99993,1,0.99999,1,0.99992,0.99999,0.94099,0.99996,1,0.99999,1,0.99999,0.98265,0.99995,0.98927,0.99999,0.99897,0.99989,0.99816,1,1,0.99999,1,1,0.99996,0.99981,0.99995,0.99999,0.99765,0.99998,1,0.99999,1,1,0.99981,0.98669
2072 Q1,0.99991,1,0.99999,1,1,1,0.99996,0.99778,0.99972,1,1,0.99998,0.99997,0.99994,1,0.99999,1,0.99993,0.99999,0.94334,0.99996,1,0.99999,1,0.99999,0.98352,0.99996,0.98983,0.99999,0.99903,0.9999,0.99827,1,1,0.99999,1,1,0.99996,0.99982,0.99996,1,0.99778,0.99998,1,0.99999,1,1,0.99982,0.98736
2072 Q2,0.99991,1,1,1,1,1,0.99996,0.99791,0.99973,1,1,0.99998,0.99997,0.99994,1,0.99999,1,0.99993,0.99999,0.94561,0.99997,1,0.99999,1,0.99999,0.98434,0.99996,0.99036,0.99999,0.9991,0.9999,0.99837,1,1,0.99999,1,1,0.99997,0.99984,0.99996,1,0.99791,0.99998,1,0.99999,1,1,0.99983,0.98799
2072 Q3,0.99992,1,1,1,1,1,0.99996,0.99803,0.99975,1,1,0.99998,0.99998,0.99995,1,0.99999,1,0.99994,0.99999,0.94779,0.99997,1,0.99999,1,0.99999,0.98512,0.99996,0.99086,0.99999,0.99915,0.99991,0.99847,1,1,0.99999,1,1,0.99997,0.99985,0.99996,1,0.99803,0.99998,1,0.99999,1,1,0.99984,0.98859
2072 Q4,0.99993,1,1,1,1,1,0.99996,0.99814,0.99977,1,1,0.99998,0.99998,0.99995,1,0.99999,1,0.99994,0.99999,0.94989,0.99997,1,0.99999,1,0.99999,0.98587,0.99997,0.99133,0.99999,0.99921,0.99992,0.99856,1,1,0.99999,1,1,0.99997,0.99986,0.99997,1,0.99814,0.99998,1,0.99999,1,1,0.99985,0.98916
2073 Q1,0.99993,1,1,1,1,1,0.99997,0.99824,0.99979,1,1,0.99998,0.99998,0.99995,1,0.99999,1,0.99994,0.99999,0.95191,0.99997,1,0.99999,1,0.99999,0.98657,0.99997,0.99178,0.99999,0.99926,0.99992,0.99864,1,1,0.99999,1,1,0.99997,0.99987,0.99997,1,0.99825,0.99998,1,0.99999,1,1,0.99986,0.9897
2073 Q2,0.99994,1,1,1,1,1,0.99997,0.99834,0.9998,1,1,0.99998,0.99998,0.99996,1,1,1,0.99995,0.99999,0.95385,0.99998,1,0.99999,1,0.99999,0.98725,0.99997,0.99221,0.99999,0.99931,0.99993,0.99872,1,1,1,1,1,0.99998,0.99988,0.99997,1,0.99835,0.99998,1,1,1,1,0.99987,0.99022
2073 Q3,0.99994,1,1,1,1,1,0.99997,0.99844,0.99981,1,1,0.99999,0.99998,0.99996,1,1,1,0.99995,0.99999,0.95572,0.99998,1,0.99999,1,0.99999,0.98788,0.99997,0.99261,0.99999,0.99935,0.99993,0.99879,1,1,1,1,1,0.99998,0.99989,0.99997,1,0.99844,0.99999,1,1,1,1,0.99988,0.99071
2073 Q4,0.99994,1,1,1,1,1,0.99997,0.99853,0.99983,1,1,0.99999,0.99998,0.99996,1,1,1,0.99995,0.99999,0.95751,0.99998,1,0.99999,1,0.99999,0.98849,0.99997,0.993,0.99999,0.99939,0.99994,0.99887,1,1,1,1,1,0.99998,0.9999,0.99997,1,0.99853,0.99999,1,1,1,1,0.99989,0.99117
2074 Q1,0.99995,1,1,1,1,1,0.99997,0.99861,0.99984,1,1,0.99999,0.99999,0.99997,1,1,1,0.99996,0.99999,0.95924,0.99998,1,0.99999,1,0.99999,0.98907,0.99998,0.99336,0.99999,0.99943,0.99994,0.99893,1,1,1,1,1,0.99998,0.9999,0.99998,1,0.99862,0.99999,1,1,1,1,0.9999,0.99162
2074 Q2,0.99995,1,1,1,1,1,0.99998,0.99869,0.99985,1,1,0.99999,0.99999,0.99997,1,1,1,0.99996,0.99999,0.9609,0.99998,1,1,1,0.99999,0.98962,0.99998,0.99371,0.99999,0.99947,0.99995,0.99899,1,1,1,1,1,0.99998,0.99991,0.99998,1,0.9987,0.99999,1,1,1,1,0.9999,0.99204
2074 Q3,0.99996,1,1,1,1,1,0.99998,0.99876,0.99986,1,1,0.99999,0.99999,0.99997,1,1,1,0.99996,0.99999,0.96249,0.99998,1,1,1,0.99999,0.99014,0.99998,0.99403,1,0.9995,0.99995,0.99905,1,1,1,1,1,0.99998,0.99992,0.99998,1,0.99877,0.99999,1,1,1,1,0.99991,0.99244
2074 Q4,0.99996,1,1,1,1,1,0.99998,0.99883,0.99987,1,1,0.99999,0.99999,0.99997,1,1,1,0.99997,0.99999,0.96402,0.99998,1,1,1,1,0.99063,0.99998,0.99435,1,0.99953,0.99995,0.99911,1,1,1,1,1,0.99998,0.99992,0.99998,1,0.99884,0.99999,1,1,1,1,0.99992,0.99282
2075 Q1,0.99996,1,1,1,1,1,0.99998,0.9989,0.99988,1,1,0.99999,0.99999,0.99998,1,1,1,0.99997,0.99999,0.96549,0.99999,1,1,1,1,0.9911,0.99998,0.99464,1,0.99956,0.99996,0.99916,1,1,1,1,1,0.99999,0.99993,0.99998,1,0.99891,0.99999,1,1,1,1,0.99992,0.99318
2075 Q2,0.99996,1,1,1,1,1,0.99998,0.99896,0.99989,1,1,0.99999,0.99999,0.99998,1,1,1,0.99997,1,0.9669,0.99999,1,1,1,1,0.99155,0.99998,0.99492,1,0.99959,0.99996,0.99921,1,1,1,1,1,0.99999,0.99993,0.99998,1,0.99897,0.99999,1,1,1,1,0.99993,0.99352
2075 Q3,0.99997,1,1,1,1,1,0.99998,0.99902,0.99989,1,1,0.99999,0.99999,0.99998,1,1,1,0.99997,1,0.96826,0.99999,1,1,1,1,0.99198,0.99999,0.99518,1,0.99962,0.99996,0.99926,1,1,1,1,1,0.99999,0.99994,0.99999,1,0.99903,0.99999,1,1,1,1,0.99993,0.99385
2075 Q4,0.99997,1,1,1,1,1,0.99998,0.99908,0.9999,1,1,0.99999,0.99999,0.99998,1,1,1,0.99997,1,0.96956,0.99999,1,1,1,1,0.99238,0.99999,0.99543,1,0.99964,0.99997,0.9993,1,1,1,1,1,0.99999,0.99994,0.99999,1,0.99908,0.99999,1,1,1,1,0.99994,0.99416
2076 Q1,0.99997,1,1,1,1,1,0.99999,0.99913,0.99991,1,1,0.99999,0.99999,0.99998,1,1,1,0.99998,1,0.97081,0.99999,1,1,1,1,0.99276,0.99999,0.99567,1,0.99966,0.99997,0.99934,1,1,1,1,1,0.99999,0.99995,0.99999,1,0.99914,0.99999,1,1,1,1,0.99994,0.99445
2076 Q2,0.99997,1,1,1,1,1,0.99999,0.99918,0.99991,1,1,0.99999,0.99999,0.99998,1,1,1,0.99998,1,0.97201,0.99999,1,1,1,1,0.99313,0.99999,0.9959,1,0.99969,0.99997,0.99938,1,1,1,1,1,0.99999,0.99995,0.99999,1,0.99919,0.99999,1,1,1,1,0.99994,0.99473
2076 Q3,0.99998,1,1,1,1,1,0.99999,0.99923,0.99992,1,1,0.99999,0.99999,0.99998,1,1,1,0.99998,1,0.97317,0.99999,1,1,1,1,0.99347,0.99999,0.99611,1,0.99971,0.99997,0.99942,1,1,1,1,1,0.99999,0.99995,0.99999,1,0.99923,0.99999,1,1,1,1,0.99995,0.99499
2076 Q4,0.99998,1,1,1,1,1,0.99999,0.99927,0.99993,1,1,0.99999,0.99999,0.99999,1,1,1,0.99998,1,0.97427,0.99999,1,1,1,1,0.9938,0.99999,0.99631,1,0.99972,0.99998,0.99945,1,1,1,1,1,0.99999,0.99996,0.99999,1,0.99928,0.99999,1,1,1,1,0.99995,0.99525
2077 Q1,0.99998,1,1,1,1,1,0.99999,0.99931,0.99993,1,1,1,0.99999,0.99999,1,1,1,0.99998,1,0.97534,0.99999,1,1,1,1,0.99411,0.99999,0.99651,1,0.99974,0.99998,0.99948,1,1,1,1,1,0.99999,0.99996,0.99999,1,0.99932,1,1,1,1,1,0.99996,0.99549
2077 Q2,0.99998,1,1,1,1,1,0.99999,0.99935,0.99994,1,1,1,0.99999,0.99999,1,1,1,0.99998,1,0.97635,0.99999,1,1,1,1,0.99441,0.99999,0.99669,1,0.99976,0.99998,0.99951,1,1,1,1,1,0.99999,0.99996,0.99999,1,0.99936,1,1,1,1,1,0.99996,0.99571
2077 Q3,0.99998,1,1,1,1,1,0.99999,0.99939,0.99994,1,1,1,1,0.99999,1,1,1,0.99998,1,0.97733,0.99999,1,1,1,1,0.99469,0.99999,0.99686,1,0.99977,0.99998,0.99954,1,1,1,1,1,0.99999,0.99997,0.99999,1,0.99939,1,1,1,1,1,0.99996,0.99593
2077 Q4,0.99998,1,1,1,1,1,0.99999,0.99942,0.99994,1,1,1,1,0.99999,1,1,1,0.99999,1,0.97827,0.99999,1,1,1,1,0.99496,0.99999,0.99703,1,0.99979,0.99998,0.99957,1,1,1,1,1,0.99999,0.99997,0.99999,1,0.99943,1,1,1,1,1,0.99996,0.99613
2078 Q1,0.99998,1,1,1,1,1,0.99999,0.99946,0.99995,1,1,1,1,0.99999,1,1,1,0.99999,1,0.97917,0.99999,1,1,1,1,0.99522,0.99999,0.99718,1,0.9998,0.99998,0.99959,1,1,1,1,1,0.99999,0.99997,0.99999,1,0.99946,1,1,1,1,1,0.99997,0.99633
2078 Q2,0.99999,1,1,1,1,1,0.99999,0.99949,0.99995,1,1,1,1,0.99999,1,1,1,0.99999,1,0.98004,1,1,1,1,1,0.99546,0.99999,0.99733,1,0.99982,0.99998,0.99962,1,1,1,1,1,1,0.99997,0.99999,1,0.99949,1,1,1,1,1,0.99997,0.99651
2078 Q3,0.99999,1,1,1,1,1,0.99999,0.99952,0.99995,1,1,1,1,0.99999,1,1,1,0.99999,1,0.98086,1,1,1,1,1,0.99569,0.99999,0.99747,1,0.99983,0.99999,0.99964,1,1,1,1,1,1,0.99997,0.99999,1,0.99952,1,1,1,1,1,0.99997,0.99669
2078 Q4,0.99999,1,1,1,1,1,0.99999,0.99954,0.99996,1,1,1,1,0.99999,1,1,1,0.99999,1,0.98166,1,1,1,1,1,0.9959,1,0.9976,1,0.99984,0.99999,0.99966,1,1,1,1,1,1,0.99998,0.99999,1,0.99955,1,1,1,1,1,0.99997,0.99686
2079 Q1,0.99999,1,1,1,1,1,0.99999,0.99957,0.99996,1,1,1,1,0.99999,1,1,1,0.99999,1,0.98242,1,1,1,1,1,0.99611,1,0.99773,1,0.99985,0.99999,0.99968,1,1,1,1,1,1,0.99998,1,1,0.99957,1,1,1,1,1,0.99997,0.99701
2079 Q2,0.99999,1,1,1,1,1,0.99999,0.99959,0.99996,1,1,1,1,0.99999,1,1,1,0.99999,1,0.98315,1,1,1,1,1,0.99631,1,0.99784,1,0.99986,0.99999,0.9997,1,1,1,1,1,1,0.99998,1,1,0.9996,1,1,1,1,1,0.99998,0.99717
2079 Q3,0.99999,1,1,1,1,1,0.99999,0.99962,0.99997,1,1,1,1,0.99999,1,1,1,0.99999,1,0.98386,1,1,1,1,1,0.99649,1,0.99796,1,0.99987,0.99999,0.99972,1,1,1,1,1,1,0.99998,1,1,0.99962,1,1,1,1,1,0.99998,0.99731
2079 Q4,0.99999,1,1,1,1,1,1,0.99964,0.99997,1,1,1,1,0.99999,1,1,1,0.99999,1,0.98453,1,1,1,1,1,0.99667,1,0.99806,1,0.99988,0.99999,0.99973,1,1,1,1,1,1,0.99998,1,1,0.99964,1,1,1,1,1,0.99998,0.99744
2080 Q1,0.99999,1,1,1,1,1,1,0.99966,0.99997,1,1,1,1,0.99999,1,1,1,0.99999,1,0.98517,1,1,1,1,1,0.99684,1,0.99816,1,0.99988,0.99999,0.99975,1,1,1,1,1,1,0.99998,1,1,0.99966,1,1,1,1,1,0.99998,0.99757
2080 Q2,0.99999,1,1,1,1,1,1,0.99968,0.99997,1,1,1,1,1,1,1,1,0.99999,1,0.98579,1,1,1,1,1,0.997,1,0.99826,1,0.99989,0.99999,0.99976,1,1,1,1,1,1,0.99998,1,1,0.99968,1,1,1,1,1,0.99998,0.9977
2080 Q3,0.99999,1,1,1,1,1,1,0.9997,0.99997,1,1,1,1,1,1,1,1,0.99999,1,0.98639,1,1,1,1,1,0.99715,1,0.99835,1,0.9999,0.99999,0.99978,1,1,1,1,1,1,0.99999,1,1,0.9997,1,1,1,1,1,0.99998,0.99781
2080 Q4,0.99999,1,1,1,1,1,1,0.99971,0.99998,1,1,1,1,1,1,1,1,0.99999,1,0.98695,1,1,1,1,1,0.99729,1,0.99844,1,0.9999,0.99999,0.99979,1,1,1,1,1,1,0.99999,1,1,0.99972,1,1,1,1,1,0.99998,0.99792
2081 Q1,0.99999,1,1,1,1,1,1,0.99973,0.99998,1,1,1,1,1,1,1,1,0.99999,1,0.9875,1,1,1,1,1,0.99743,1,0.99852,1,0.99991,0.99999,0.9998,1,1,1,1,1,1,0.99999,1,1,0.99973,1,1,1,1,1,0.99999,0.99803
2081 Q2,0.99999,1,1,1,1,1,1,0.99975,0.99998,1,1,1,1,1,1,1,1,0.99999,1,0.98802,1,1,1,1,1,0.99756,1,0.9986,1,0.99992,0.99999,0.99982,1,1,1,1,1,1,0.99999,1,1,0.99975,1,1,1,1,1,0.99999,0.99813
2081 Q3,0.99999,1,1,1,1,1,1,0.99976,0.99998,1,1,1,1,1,1,1,1,1,1,0.98852,1,1,1,1,1,0.99768,1,0.99867,1,0.99992,0.99999,0.99983,1,1,1,1,1,1,0.99999,1,1,0.99976,1,1,1,1,1,0.99999,0.99822
2081 Q4,0.99999,1,1,1,1,1,1,0.99977,0.99998,1,1,1,1,1,1,1,1,1,1,0.989,1,1,1,1,1,0.9978,1,0.99874,1,0.99993,0.99999,0.99984,1,1,1,1,1,1,0.99999,1,1,0.99978,1,1,1,1,1,0.99999,0.99831
2082 Q1,1,1,1,1,1,1,1,0.99979,0.99998,1,1,1,1,1,1,1,1,1,1,0.98946,1,1,1,1,1,0.99791,1,0.99881,1,0.99993,0.99999,0.99985,1,1,1,1,1,1,0.99999,1,1,0.99979,1,1,1,1,1,0.99999,0.9984
2082 Q2,1,1,1,1,1,1,1,0.9998,0.99998,1,1,1,1,1,1,1,1,1,1,0.98991,1,1,1,1,1,0.99802,1,0.99887,1,0.99994,1,0.99986,1,1,1,1,1,1,0.99999,1,1,0.9998,1,1,1,1,1,0.99999,0.99848
2082 Q3,1,1,1,1,1,1,1,0.99981,0.99999,1,1,1,1,1,1,1,1,1,1,0.99033,1,1,1,1,1,0.99812,1,0.99893,1,0.99994,1,0.99986,1,1,1,1,1,1,0.99999,1,1,0.99981,1,1,1,1,1,0.99999,0.99855
2082 Q4,1,1,1,1,1,1,1,0.99982,0.99999,1,1,1,1,1,1,1,1,1,1,0.99073,1,1,1,1,1,0.99821,1,0.99898,1,0.99994,1,0.99987,1,1,1,1,1,1,0.99999,1,1,0.99982,1,1,1,1,1,0.99999,0.99863
2083 Q1,1,1,1,1,1,1,1,0.99983,0.99999,1,1,1,1,1,1,1,1,1,1,0.99112,1,1,1,1,1,0.9983,1,0.99904,1,0.99995,1,0.99988,1,1,1,1,1,1,0.99999,1,1,0.99983,1,1,1,1,1,0.99999,0.9987
2083 Q2,1,1,1,1,1,1,1,0.99984,0.99999,1,1,1,1,1,1,1,1,1,1,0.9915,1,1,1,1,1,0.99839,1,0.99909,1,0.99995,1,0.99989,1,1,1,1,1,1,0.99999,1,1,0.99984,1,1,1,1,1,0.99999,0.99876
2083 Q3,1,1,1,1,1,1,1,0.99985,0.99999,1,1,1,1,1,1,1,1,1,1,0.99185,1,1,1,1,1,0.99847,1,0.99913,1,0.99995,1,0.99989,1,1,1,1,1,1,0.99999,1,1,0.99985,1,1,1,1,1,0.99999,0.99882
2083 Q4,1,1,1,1,1,1,1,0.99986,0.99999,1,1,1,1,1,1,1,1,1,1,0.99219,1,1,1,1,1,0.99855,1,0.99918,1,0.99996,1,0.9999,1,1,1,1,1,1,0.99999,1,1,0.99986,1,1,1,1,1,0.99999,0.99888
2084 Q1,1,1,1,1,1,1,1,0.99987,0.99999,1,1,1,1,1,1,1,1,1,1,0.99252,1,1,1,1,1,0.99862,1,0.99922,1,0.99996,1,0.99991,1,1,1,1,1,1,0.99999,1,1,0.99987,1,1,1,1,1,0.99999,0.99894
2084 Q2,1,1,1,1,1,1,1,0.99987,0.99999,1,1,1,1,1,1,1,1,1,1,0.99284,1,1,1,1,1,0.99869,1,0.99926,1,0.99996,1,0.99991,1,1,1,1,1,1,1,1,1,0.99988,1,1,1,1,1,0.99999,0.99899
2084 Q3,1,1,1,1,1,1,1,0.99988,0.99999,1,1,1,1,1,1,1,1,1,1,0.99314,1,1,1,1,1,0.99876,1,0.9993,1,0.99996,1,0.99992,1,1,1,1,1,1,1,1,1,0.99988,1,1,1,1,1,0.99999,0.99904
2084 Q4,1,1,1,1,1,1,1,0.99989,0.99999,1,1,1,1,1,1,1,1,1,1,0.99343,1,1,1,1,1,0.99882,1,0.99934,1,0.99997,1,0.99992,1,1,1,1,1,1,1,1,1,0.99989,1,1,1,1,1,0.99999,0.99909
2085 Q1,1,1,1,1,1,1,1,0.99989,0.99999,1,1,1,1,1,1,1,1,1,1,0.9937,1,1,1,1,1,0.99888,1,0.99937,1,0.99997,1,0.99993,1,1,1,1,1,1,1,1,1,0.9999,1,1,1,1,1,1,0.99914
2085 Q2,1,1,1,1,1,1,1,0.9999,0.99999,1,1,1,1,1,1,1,1,1,1,0.99397,1,1,1,1,1,0.99894,1,0.99941,1,0.99997,1,0.99993,1,1,1,1,1,1,1,1,1,0.9999,1,1,1,1,1,1,0.99918
2085 Q3,1,1,1,1,1,1,1,0.99991,0.99999,1,1,1,1,1,1,1,1,1,1,0.99422,1,1,1,1,1,0.99899,1,0.99944,1,0.99997,1,0.99993,1,1,1,1,1,1,1,1,1,0.99991,1,1,1,1,1,1,0.99922
2085 Q4,1,1,1,1,1,1,1,0.99991,0.99999,1,1,1,1,1,1,1,1,1,1,0.99446,1,1,1,1,1,0.99904,1,0.99947,1,0.99997,1,0.99994,1,1,1,1,1,1,1,1,1,0.99991,1,1,1,1,1,1,0.99926
2086 Q1,1,1,1,1,1,1,1,0.99992,0.99999,1,1,1,1,1,1,1,1,1,1,0.9947,1,1,1,1,1,0.99909,1,0.99949,1,0.99998,1,0.99994,1,1,1,1,1,1,1,1,1,0.99992,1,1,1,1,1,1,0.9993
2086 Q2,1,1,1,1,1,1,1,0.99992,0.99999,1,1,1,1,1,1,1,1,1,1,0.99492,1,1,1,1,1,0.99914,1,0.99952,1,0.99998,1,0.99995,1,1,1,1,1,1,1,1,1,0.99992,1,1,1,1,1,1,0.99934
2086 Q3,1,1,1,1,1,1,1,0.99993,1,1,1,1,1,1,1,1,1,1,1,0.99514,1,1,1,1,1,0.99918,1,0.99955,1,0.99998,1,0.99995,1,1,1,1,1,1,1,1,1,0.99993,1,1,1,1,1,1,0.99937
2086 Q4,1,1,1,1,1,1,1,0.99993,1,1,1,1,1,1,1,1,1,1,1,0.99534,1,1,1,1,1,0.99922,1,0.99957,1,0.99998,1,0.99995,1,1,1,1,1,1,1,1,1,0.99993,1,1,1,1,1,1,0.9994
2087 Q1,1,1,1,1,1,1,1,0.99993,1,1,1,1,1,1,1,1,1,1,1,0.99554,1,1,1,1,1,0.99926,1,0.99959,1,0.99998,1,0.99995,1,1,1,1,1,1,1,1,1,0.99994,1,1,1,1,1,1,0.99943
2087 Q2,1,1,1,1,1,1,1,0.99994,1,1,1,1,1,1,1,1,1,1,1,0.99572,1,1,1,1,1,0.9993,1,0.99961,1,0.99998,1,0.99996,1,1,1,1,1,1,1,1,1,0.99994,1,1,1,1,1,1,0.99946
2087 Q3,1,1,1,1,1,1,1,0.99994,1,1,1,1,1,1,1,1,1,1,1,0.9959,1,1,1,1,1,0.99933,1,0.99963,1,0.99998,1,0.99996,1,1,1,1,1,1,1,1,1,0.99994,1,1,1,1,1,1,0.99949
2087 Q4,1,1,1,1,1,1,1,0.99994,1,1,1,1,1,1,1,1,1,1,1,0.99608,1,1,1,1,1,0.99937,1,0.99965,1,0.99999,1,0.99996,1,1,1,1,1,1,1,1,1,0.99995,1,1,1,1,1,1,0.99951
2088 Q1,1,1,1,1,1,1,1,0.99995,1,1,1,1,1,1,1,1,1,1,1,0.99624,1,1,1,1,1,0.9994,1,0.99967,1,0.99999,1,0.99996,1,1,1,1,1,1,1,1,1,0.99995,1,1,1,1,1,1,0.99954
2088 Q2,1,1,1,1,1,1,1,0.99995,1,1,1,1,1,1,1,1,1,1,1,0.9964,1,1,1,1,1,0.99943,1,0.99969,1,0.99999,1,0.99997,1,1,1,1,1,1,1,1,1,0.99995,1,1,1,1,1,1,0.99956
2088 Q3,1,1,1,1,1,1,1,0.99995,1,1,1,1,1,1,1,1,1,1,1,0.99655,1,1,1,1,1,0.99946,1,0.9997,1,0.99999,1,0.99997,1,1,1,1,1,1,1,1,1,0.99995,1,1,1,1,1,1,0.99958
2088 Q4,1,1,1,1,1,1,1,0.99996,1,1,1,1,1,1,1,1,1,1,1,0.9967,1,1,1,1,1,0.99949,1,0.99972,1,0.99999,1,0.99997,1,1,1,1,1,1,1,1,1,0.99996,1,1,1,1,1,1,0.9996
2089 Q1,1,1,1,1,1,1,1,0.99996,1,1,1,1,1,1,1,1,1,1,1,0.99684,1,1,1,1,1,0.99951,1,0.99973,1,0.99999,1,0.99997,1,1,1,1,1,1,1,1,1,0.99996,1,1,1,1,1,1,0.99962
2089 Q2,1,1,1,1,1,1,1,0.99996,1,1,1,1,1,1,1,1,1,1,1,0.99697,1,1,1,1,1,0.99954,1,0.99975,1,0.99999,1,0.99997,1,1,1,1,1,1,1,1,1,0.99996,1,1,1,1,1,1,0.99964
2089 Q3,1,1,1,1,1,1,1,0.99996,1,1,1,1,1,1,1,1,1,1,1,0.9971,1,1,1,1,1,0.99956,1,0.99976,1,0.99999,1,0.99997,1,1,1,1,1,1,1,1,1,0.99996,1,1,1,1,1,1,0.99966
2089 Q4,1,1,1,1,1,1,1,0.99997,1,1,1,1,1,1,1,1,1,1,1,0.99722,1,1,1,1,1,0.99958,1,0.99977,1,0.99999,1,0.99998,1,1,1,1,1,1,1,1,1,0.99997,1,1,1,1,1,1,0.99968
2090 Q1,1,1,1,1,1,1,1,0.99997,1,1,1,1,1,1,1,1,1,1,1,0.99734,1,1,1,1,1,0.9996,1,0.99979,1,0.99999,1,0.99998,1,1,1,1,1,1,1,1,1,0.99997,1,1,1,1,1,1,0.99969
2090 Q2,1,1,1,1,1,1,1,0.99997,1,1,1,1,1,1,1,1,1,1,1,0.99745,1,1,1,1,1,0.99962,1,0.9998,1,0.99999,1,0.99998,1,1,1,1,1,1,1,1,1,0.99997,1,1,1,1,1,1,0.99971
2090 Q3,1,1,1,1,1,1,1,0.99997,1,1,1,1,1,1,1,1,1,1,1,0.99756,1,1,1,1,1,0.99964,1,0.99981,1,0.99999,1,0.99998,1,1,1,1,1,1,1,1,1,0.99997,1,1,1,1,1,1,0.99972
2090 Q4,1,1,1,1,1,1,1,0.99997,1,1,1,1,1,1,1,1,1,1,1,0.99766,1,1,1,1,1,0.99966,1,0.99982,1,0.99999,1,0.99998,1,1,1,1,1,1,1,1,1,0.99997,1,1,1,1,1,1,0.99974
2091 Q1,1,1,1,1,1,1,1,0.99997,1,1,1,1,1,1,1,1,1,1,1,0.99776,1,1,1,1,1,0.99968,1,0.99983,1,0.99999,1,0.99998,1,1,1,1,1,1,1,1,1,0.99997,1,1,1,1,1,1,0.99975
2091 Q2,1,1,1,1,1,1,1,0.99998,1,1,1,1,1,1,1,1,1,1,1,0.99786,1,1,1,1,1,0.9997,1,0.99984,1,0.99999,1,0.99998,1,1,1,1,1,1,1,1,1,0.99998,1,1,1,1,1,1,0.99976
2091 Q3,1,1,1,1,1,1,1,0.99998,1,1,1,1,1,1,1,1,1,1,1,0.99795,1,1,1,1,1,0.99971,1,0.99985,1,0.99999,1,0.99998,1,1,1,1,1,1,1,1,1,0.99998,1,1,1,1,1,1,0.99978
2091 Q4,1,1,1,1,1,1,1,0.99998,1,1,1,1,1,1,1,1,1,1,1,0.99803,1,1,1,1,1,0.99973,1,0.99985,1,0.99999,1,0.99999,1,1,1,1,1,1,1,1,1,0.99998,1,1,1,1,1,1,0.99979
2092 Q1,1,1,1,1,1,1,1,0.99998,1,1,1,1,1,1,1,1,1,1,1,0.99812,1,1,1,1,1,0.99974,1,0.99986,1,1,1,0.99999,1,1,1,1,1,1,1,1,1,0.99998,1,1,1,1,1,1,0.9998
2092 Q2,1,1,1,1,1,1,1,0.99998,1,1,1,1,1,1,1,1,1,1,1,0.9982,1,1,1,1,1,0.99975,1,0.99987,1,1,1,0.99999,1,1,1,1,1,1,1,1,1,0.99998,1,1,1,1,1,1,0.99981
2092 Q3,1,1,1,1,1,1,1,0.99998,1,1,1,1,1,1,1,1,1,1,1,0.99827,1,1,1,1,1,0.99976,1,0.99987,1,1,1,0.99999,1,1,1,1,1,1,1,1,1,0.99998,1,1,1,1,1,1,0.99982
2092 Q4,1,1,1,1,1,1,1,0.99998,1,1,1,1,1,1,1,1,1,1,1,0.99834,1,1,1,1,1,0.99978,1,0.99988,1,1,1,0.99999,1,1,1,1,1,1,1,1,1,0.99998,1,1,1,1,1,1,0.99983
2093 Q1,1,1,1,1,1,1,1,0.99998,1,1,1,1,1,1,1,1,1,1,1,0.99841,1,1,1,1,1,0.99979,1,0.99989,1,1,1,0.99999,1,1,1,1,1,1,1,1,1,0.99998,1,1,1,1,1,1,0.99984
2093 Q2,1,1,1,1,1,1,1,0.99998,1,1,1,1,1,1,1,1,1,1,1,0.99848,1,1,1,1,1,0.9998,1,0.99989,1,1,1,0.99999,1,1,1,1,1,1,1,1,1,0.99999,1,1,1,1,1,1,0.99984
2093 Q3,1,1,1,1,1,1,1,0.99999,1,1,1,1,1,1,1,1,1,1,1,0.99855,1,1,1,1,1,0.99981,1,0.9999,1,1,1,0.99999,1,1,1,1,1,1,1,1,1,0.99999,1,1,1,1,1,1,0.99985
2093 Q4,1,1,1,1,1,1,1,0.99999,1,1,1,1,1,1,1,1,1,1,1,0.99861,1,1,1,1,1,0.99982,1,0.9999,1,1,1,0.99999,1,1,1,1,1,1,1,1,1,0.99999,1,1,1,1,1,1,0.99986
2094 Q1,1,1,1,1,1,1,1,0.99999,1,1,1,1,1,1,1,1,1,1,1,0.99867,1,1,1,1,1,0.99983,1,0.99991,1,1,1,0.99999,1,1,1,1,1,1,1,1,1,0.99999,1,1,1,1,1,1,0.99987
2094 Q2,1,1,1,1,1,1,1,0.99999,1,1,1,1,1,1,1,1,1,1,1,0.99872,1,1,1,1,1,0.99984,1,0.99991,1,1,1,0.99999,1,1,1,1,1,1,1,1,1,0.99999,1,1,1,1,1,1,0.99987
2094 Q3,1,1,1,1,1,1,1,0.99999,1,1,1,1,1,1,1,1,1,1,1,0.99878,1,1,1,1,1,0.99984,1,0.99992,1,1,1,0.99999,1,1,1,1,1,1,1,1,1,0.99999,1,1,1,1,1,1,0.99988
2094 Q4,1,1,1,1,1,1,1,0.99999,1,1,1,1,1,1,1,1,1,1,1,0.99883,1,1,1,1,1,0.99985,1,0.99992,1,1,1,0.99999,1,1,1,1,1,1,1,1,1,0.99999,1,1,1,1,1,1,0.99989
2095 Q1,1,1,1,1,1,1,1,0.99999,1,1,1,1,1,1,1,1,1,1,1,0.99888,1,1,1,1,1,0.99986,1,0.99993,1,1,1,0.99999,1,1,1,1,1,1,1,1,1,0.99999,1,1,1,1,1,1,0.99989
2095 Q2,1,1,1,1,1,1,1,0.99999,1,1,1,1,1,1,1,1,1,1,1,0.99893,1,1,1,1,1,0.99987,1,0.99993,1,1,1,0.99999,1,1,1,1,1,1,1,1,1,0.99999,1,1,1,1,1,1,0.9999
2095 Q3,1,1,1,1,1,1,1,0.99999,1,1,1,1,1,1,1,1,1,1,1,0.99897,1,1,1,1,1,0.99987,1,0.99993,1,1,1,0.99999,1,1,1,1,1,1,1,1,1,0.99999,1,1,1,1,1,1,0.9999
2095 Q4,1,1,1,1,1,1,1,0.99999,1,1,1,1,1,1,1,1,1,1,1,0.99901,1,1,1,1,1,0.99988,1,0.99994,1,1,1,0.99999,1,1,1,1,1,1,1,1,1,0.99999,1,1,1,1,1,1,0.99991
2096 Q1,1,1,1,1,1,1,1,0.99999,1,1,1,1,1,1,1,1,1,1,1,0.99906,1,1,1,1,1,0.99989,1,0.99994,1,1,1,0.99999,1,1,1,1,1,1,1,1,1,0.99999,1,1,1,1,1,1,0.99991
2096 Q2,1,1,1,1,1,1,1,0.99999,1,1,1,1,1,1,1,1,1,1,1,0.9991,1,1,1,1,1,0.99989,1,0.99994,1,1,1,1,1,1,1,1,1,1,1,1,1,0.99999,1,1,1,1,1,1,0.99992
2096 Q3,1,1,1,1,1,1,1,0.99999,1,1,1,1,1,1,1,1,1,1,1,0.99913,1,1,1,1,1,0.9999,1,0.99995,1,1,1,1,1,1,1,1,1,1,1,1,1,0.99999,1,1,1,1,1,1,0.99992
2096 Q4,1,1,1,1,1,1,1,0.99999,1,1,1,1,1,1,1,1,1,1,1,0.99917,1,1,1,1,1,0.9999,1,0.99995,1,1,1,1,1,1,1,1,1,1,1,1,1,0.99999,1,1,1,1,1,1,0.99992
2097 Q1,1,1,1,1,1,1,1,0.99999,1,1,1,1,1,1,1,1,1,1,1,0.99921,1,1,1,1,1,0.99991,1,0.99995,1,1,1,1,1,1,1,1,1,1,1,1,1,0.99999,1,1,1,1,1,1,0.99993
2097 Q2,1,1,1,1,1,1,1,0.99999,1,1,1,1,1,1,1,1,1,1,1,0.99924,1,1,1,1,1,0.99991,1,0.99995,1,1,1,1,1,1,1,1,1,1,1,1,1,0.99999,1,1,1,1,1,1,0.99993
2097 Q3,1,1,1,1,1,1,1,0.99999,1,1,1,1,1,1,1,1,1,1,1,0.99927,1,1,1,1,1,0.99992,1,0.99996,1,1,1,1,1,1,1,1,1,1,1,1,1,0.99999,1,1,1,1,1,1,0.99994
2097 Q4,1,1,1,1,1,1,1,0.99999,1,1,1,1,1,1,1,1,1,1,1,0.9993,1,1,1,1,1,0.99992,1,0.99996,1,1,1,1,1,1,1,1,1,1,1,1,1,0.99999,1,1,1,1,1,1,0.99994
2098 Q1,1,1,1,1,1,1,1,0.99999,1,1,1,1,1,1,1,1,1,1,1,0.99933,1,1,1,1,1,0.99993,1,0.99996,1,1,1,1,1,1,1,1,1,1,1,1,1,1,1,1,1,1,1,1,0.99994
2098 Q2,1,1,1,1,1,1,1,1,1,1,1,1,1,1,1,1,1,1,1,0.99936,1,1,1,1,1,0.99993,1,0.99996,1,1,1,1,1,1,1,1,1,1,1,1,1,1,1,1,1,1,1,1,0.99994
2098 Q3,1,1,1,1,1,1,1,1,1,1,1,1,1,1,1,1,1,1,1,0.99939,1,1,1,1,1,0.99993,1,0.99997,1,1,1,1,1,1,1,1,1,1,1,1,1,1,1,1,1,1,1,1,0.99995
2098 Q4,1,1,1,1,1,1,1,1,1,1,1,1,1,1,1,1,1,1,1,0.99941,1,1,1,1,1,0.99994,1,0.99997,1,1,1,1,1,1,1,1,1,1,1,1,1,1,1,1,1,1,1,1,0.99995
2099 Q1,1,1,1,1,1,1,1,1,1,1,1,1,1,1,1,1,1,1,1,0.99944,1,1,1,1,1,0.99994,1,0.99997,1,1,1,1,1,1,1,1,1,1,1,1,1,1,1,1,1,1,1,1,0.99995
2099 Q2,1,1,1,1,1,1,1,1,1,1,1,1,1,1,1,1,1,1,1,0.99946,1,1,1,1,1,0.99994,1,0.99997,1,1,1,1,1,1,1,1,1,1,1,1,1,1,1,1,1,1,1,1,0.99996
2099 Q3,1,1,1,1,1,1,1,1,1,1,1,1,1,1,1,1,1,1,1,0.99948,1,1,1,1,1,0.99995,1,0.99997,1,1,1,1,1,1,1,1,1,1,1,1,1,1,1,1,1,1,1,1,0.99996
2099 Q4,1,1,1,1,1,1,1,1,1,1,1,1,1,1,1,1,1,1,1,0.99951,1,1,1,1,1,0.99995,1,0.99997,1,1,1,1,1,1,1,1,1,1,1,1,1,1,1,1,1,1,1,1,0.99996
2100 Q1,1,1,1,1,1,1,1,1,1,1,1,1,1,1,1,1,1,1,1,0.99953,1,1,1,1,1,0.99995,1,0.99998,1,1,1,1,1,1,1,1,1,1,1,1,1,1,1,1,1,1,1,1,0.99996